Age,Attrition,BusinessTravel,Department,DistanceFromHome,Education,Gender,HourlyRate,JobInvolvement,JobLevel,JobRole,MaritalStatus,NumCompaniesWorked,OverTime,PercentSalaryHike,PerformanceRating,StockOptionLevel,YearsInCurrentRole,YearsSinceLastPromotion,YearsWithCurrManager,OverallSatisfaction,TenureRatio
41,1,1,1,1,2,1,94,3,2,7,0,8,1,11,3,0,4,0,5,2.0,0.75
49,0,2,2,8,1,0,61,2,2,6,1,1,0,23,4,1,7,1,7,3.0,1.0
37,1,1,2,2,2,0,92,2,1,2,0,6,1,15,3,0,0,0,0,3.0,0.0
33,0,2,2,3,4,1,56,3,1,6,1,1,1,11,3,0,7,3,0,3.25,1.0
27,0,1,2,2,1,0,40,3,1,2,1,9,0,12,3,1,2,2,2,2.5,0.3333333333333333
32,0,2,2,2,2,0,79,3,1,2,0,0,0,13,3,0,7,3,6,3.25,0.875
59,0,1,2,3,3,1,81,4,1,2,1,4,1,20,4,3,0,0,0,1.75,0.0833333333333333
30,0,1,2,24,1,0,67,3,1,2,2,1,0,22,4,1,0,0,0,3.0,1.0
38,0,2,2,23,3,0,44,2,3,4,0,0,0,21,4,0,7,1,8,3.0,0.9
36,0,1,2,27,3,0,94,3,2,0,1,6,0,13,3,2,7,7,7,2.5,0.4117647058823529
35,0,1,2,16,3,0,84,4,1,2,1,0,0,13,3,1,4,0,3,2.25,0.8333333333333334
29,0,1,2,15,2,1,49,2,2,2,0,0,1,12,3,0,5,0,8,3.5,0.9
31,0,1,2,26,1,0,31,3,1,6,2,1,0,17,3,1,2,4,3,2.5,1.0
34,0,1,2,19,2,0,93,3,1,2,2,0,0,11,3,1,2,1,2,3.0,0.6666666666666666
28,1,1,2,24,3,0,50,2,1,2,0,5,1,14,3,0,2,0,3,2.75,0.6666666666666666
29,0,1,2,21,4,1,51,4,3,4,2,1,0,11,3,1,9,8,8,2.25,1.0
32,0,1,2,5,2,0,80,4,1,6,2,0,1,12,3,2,2,0,5,2.25,0.8571428571428571
22,0,0,2,16,2,0,96,4,1,2,2,1,1,13,3,2,0,0,0,3.0,1.0
53,0,1,1,2,4,1,78,2,4,3,1,2,0,16,3,0,8,3,7,2.75,0.8064516129032258
38,0,1,2,2,3,0,45,3,1,6,0,5,1,11,3,0,2,1,2,3.5,0.5
24,0,0,2,11,2,1,96,4,2,4,2,0,0,18,3,1,2,1,3,2.5,0.8
36,1,1,1,9,4,0,82,2,1,8,0,7,0,23,4,0,3,0,3,2.25,0.5
34,0,1,2,7,4,1,53,3,3,5,0,0,0,11,3,0,6,2,11,2.25,0.9230769230769232
21,0,1,2,15,2,0,96,3,1,6,0,1,0,14,3,0,0,0,0,3.5,0.0
34,1,1,2,6,1,0,83,3,1,6,0,2,0,11,3,0,2,1,3,2.25,0.5
53,0,1,2,5,3,1,58,3,5,3,2,4,0,11,3,1,13,4,8,3.0,0.5384615384615384
32,1,2,2,16,1,1,72,1,1,6,0,1,1,22,4,0,2,6,7,2.0,1.0
42,0,1,1,8,4,0,48,3,2,7,1,0,0,11,3,1,7,4,2,3.0,0.9
44,0,1,2,7,4,1,42,2,3,0,1,3,0,14,3,1,6,5,17,3.0,0.9166666666666666
46,0,1,1,2,4,1,83,3,5,3,0,3,0,12,3,0,2,2,1,2.25,0.0909090909090909
33,0,1,2,2,3,0,78,3,1,2,0,4,0,11,3,0,1,0,0,3.5,0.1428571428571428
44,0,1,2,10,4,0,41,3,2,0,1,2,1,13,3,0,2,1,3,4.0,0.4444444444444444
30,0,1,2,9,2,0,83,2,1,2,0,1,0,13,3,0,0,1,8,2.75,1.0
39,1,1,1,5,3,0,56,3,2,8,1,3,0,14,3,1,0,0,0,3.75,0.0526315789473684
24,1,1,2,1,3,0,61,3,1,6,1,2,1,16,3,1,0,2,0,2.25,0.3333333333333333
43,0,1,2,2,2,1,72,4,1,6,2,1,0,12,3,2,3,1,4,3.25,0.8333333333333334
50,1,1,1,3,2,0,86,2,1,8,1,1,1,14,3,0,2,0,2,2.5,1.0
35,0,1,1,2,3,1,97,3,1,8,1,1,0,13,3,0,2,2,2,3.0,1.0
36,0,1,2,5,4,1,82,2,1,6,1,9,1,14,3,1,1,0,0,2.75,0.1666666666666666
33,0,2,1,1,3,1,42,4,2,7,1,2,0,19,3,2,3,1,3,2.0,0.5
35,0,1,2,4,2,0,75,3,1,2,2,1,0,12,3,1,0,0,0,3.25,1.0
27,0,1,2,2,4,1,33,3,1,2,2,1,0,13,3,1,0,0,0,3.0,1.0
26,1,1,2,25,3,0,48,1,1,2,0,1,0,12,3,0,0,0,1,2.25,1.0
27,0,2,1,8,3,0,37,3,3,7,0,1,0,15,3,0,8,1,7,3.5,1.0
30,0,2,2,1,2,1,58,3,2,2,0,1,0,23,4,0,8,3,7,3.5,1.0
41,1,1,2,12,3,1,49,3,5,5,1,1,0,12,3,0,15,15,8,3.0,0.9565217391304348
34,0,0,1,23,4,0,72,3,2,7,0,0,0,20,4,0,5,8,7,2.75,0.9
37,0,1,2,19,2,0,73,3,1,6,1,4,0,21,4,0,0,0,0,2.0,0.125
46,0,2,1,5,4,0,98,3,2,7,0,4,1,21,4,0,6,0,8,2.75,0.6428571428571429
35,0,1,2,8,1,0,36,4,1,2,1,1,0,19,3,0,0,0,1,3.75,1.0
48,1,1,2,1,2,0,98,2,3,2,0,9,1,13,3,0,0,0,0,2.75,0.0434782608695652
28,1,1,2,5,4,0,50,3,1,2,0,1,1,13,3,0,2,2,2,2.75,1.0
44,0,1,1,1,5,1,75,3,2,7,2,5,1,21,4,1,3,1,3,2.0,0.4444444444444444
35,0,0,2,11,2,0,79,2,3,0,1,2,1,13,3,1,0,2,3,2.5,0.4
26,0,1,1,23,3,1,47,2,2,7,1,7,1,19,3,1,2,0,0,3.0,0.4
33,0,2,2,1,2,1,98,3,3,5,0,1,1,12,3,0,14,8,12,2.75,1.0
35,0,2,1,18,5,0,71,3,3,7,1,1,0,22,4,1,8,1,8,2.25,1.0
35,0,1,2,23,4,1,30,3,1,2,1,3,1,15,3,1,2,2,2,2.5,0.5
31,0,1,2,7,4,0,48,3,2,2,2,3,0,22,4,1,7,1,7,3.5,0.7
37,0,1,2,1,4,0,51,2,2,4,2,1,0,18,3,1,5,0,7,2.75,1.0
32,0,1,2,1,3,0,33,3,2,4,1,1,1,22,4,1,8,7,8,2.5,1.0
38,0,2,2,29,5,1,50,3,2,2,0,1,0,11,3,0,3,9,9,3.75,1.0
50,0,1,2,7,2,1,43,2,5,5,2,5,1,12,3,1,3,13,8,2.75,0.9310344827586208
59,0,1,1,25,3,1,99,3,3,7,0,7,0,11,3,0,16,7,9,2.0,0.75
36,0,1,2,8,3,1,59,3,3,0,2,1,0,13,3,3,14,12,8,2.75,1.0
55,0,1,2,8,3,1,33,3,4,3,2,2,1,14,3,3,0,0,2,3.25,0.238095238095238
36,0,2,2,11,3,0,95,2,2,4,0,1,0,13,3,0,5,0,3,2.5,1.0
45,0,1,2,7,3,0,59,3,3,6,2,2,0,17,3,1,0,0,0,2.25,0.04
35,0,2,2,1,3,0,79,3,1,6,1,4,0,13,3,1,2,1,2,2.25,0.6
36,1,1,2,9,3,0,79,2,1,6,1,0,1,17,3,1,0,0,0,2.5,0.5
59,0,2,1,1,1,1,57,2,2,7,0,7,0,11,3,0,3,1,3,2.5,0.2
29,0,1,2,2,3,0,76,3,1,6,1,0,0,23,4,1,4,0,4,3.0,0.8333333333333334
31,0,1,2,1,4,0,87,3,1,6,0,1,0,17,3,0,1,1,0,2.5,1.0
32,0,1,2,1,3,0,66,3,2,6,1,1,0,17,3,2,4,0,9,2.25,1.0
36,0,1,2,6,3,1,55,4,1,2,1,3,0,12,3,0,0,0,0,2.75,0.2
31,0,1,2,8,4,1,61,3,2,4,0,1,0,23,4,0,7,1,8,3.5,1.0
35,0,1,1,1,4,0,32,2,2,7,0,0,0,14,3,0,13,2,8,2.25,0.9375
45,0,1,2,6,4,0,52,3,3,5,1,4,1,14,3,0,0,0,0,2.75,0.0
37,0,1,2,7,4,0,30,3,3,5,0,4,0,13,3,0,2,0,2,2.25,0.3125
46,0,1,0,5,2,0,80,3,2,1,2,8,1,22,4,1,2,0,2,2.75,0.25
30,0,1,2,1,1,0,55,2,2,2,1,1,1,12,3,2,8,3,0,3.25,1.0
35,0,1,2,1,3,0,30,2,1,6,0,1,0,18,3,0,4,0,4,2.25,1.0
55,0,1,1,1,2,0,70,3,3,7,1,3,0,14,3,1,0,1,0,3.0,0.0416666666666666
38,0,0,2,6,3,1,79,1,2,6,2,7,1,12,3,3,11,1,9,3.25,0.7647058823529411
34,0,1,2,1,2,0,94,3,2,4,1,1,0,15,3,0,2,1,3,2.25,1.0
56,0,1,2,7,3,0,49,1,3,4,0,4,0,11,3,0,4,0,2,2.75,0.1621621621621621
23,0,1,1,2,1,0,62,3,1,8,2,3,0,13,3,1,0,0,0,2.5,0.0
51,0,1,2,9,4,0,96,3,1,2,1,3,0,23,4,2,2,0,3,3.25,0.4
30,0,1,2,2,3,0,99,2,2,0,1,1,0,19,3,3,10,10,8,2.75,1.0
46,1,1,1,9,2,0,64,2,3,7,0,1,0,16,3,0,8,4,7,3.5,1.0
40,0,2,2,1,4,0,78,2,4,0,1,1,0,22,4,1,3,11,11,2.75,1.0
51,0,1,1,21,4,0,71,3,2,7,0,0,1,22,4,0,7,1,0,3.0,0.9090909090909092
30,0,1,1,4,2,1,63,2,2,7,2,1,1,12,3,3,8,2,7,2.25,1.0
46,0,2,2,1,3,0,40,2,3,0,1,2,1,13,3,1,9,9,5,2.25,0.4761904761904761
32,0,1,1,6,4,0,87,3,2,7,0,1,0,16,3,0,8,5,7,2.25,0.9166666666666666
54,0,1,2,2,4,1,60,3,3,5,1,9,0,12,3,1,3,0,3,1.5,0.25
24,0,1,1,3,2,1,33,3,2,7,1,0,0,21,4,1,2,0,2,1.75,0.75
28,0,0,1,4,3,0,43,3,2,7,1,1,0,15,3,0,4,0,4,2.75,1.0
58,0,1,1,10,4,0,37,3,4,7,0,0,0,13,3,0,10,1,8,3.0,0.9736842105263158
44,0,0,2,23,3,0,67,3,2,2,1,4,0,12,3,1,2,1,2,2.75,0.1764705882352941
37,1,1,0,6,4,0,63,3,1,1,2,4,1,22,4,0,2,0,2,2.75,0.4285714285714285
32,0,1,2,1,1,0,71,3,1,6,0,1,0,13,3,0,0,0,0,3.0,1.0
20,1,2,2,6,3,1,66,2,1,2,0,1,1,18,3,0,0,1,0,3.25,1.0
34,0,1,2,6,4,1,41,3,2,6,0,1,0,14,3,0,13,2,10,2.5,1.0
37,0,0,2,2,2,0,100,2,2,0,2,5,0,14,3,1,0,0,0,3.75,0.0588235294117647
59,0,0,0,2,4,1,32,2,5,3,1,9,0,21,4,1,2,2,2,3.5,0.1
50,0,2,2,1,3,1,73,3,5,5,1,3,1,19,3,0,3,0,7,1.5,0.2857142857142857
25,1,1,1,5,3,0,46,2,2,7,0,1,1,11,3,0,4,0,3,3.25,1.0
25,0,1,2,7,1,0,64,2,1,6,1,1,0,11,3,2,2,2,1,3.5,1.0
22,0,1,2,15,3,1,59,3,1,2,0,1,0,15,3,0,0,0,0,3.0,0.0
51,0,2,2,1,4,1,30,2,3,0,0,3,0,20,4,0,12,12,8,1.75,0.5652173913043478
34,1,2,2,7,3,0,66,1,2,2,0,1,1,24,4,0,7,0,6,2.75,1.0
54,0,0,0,26,3,1,30,4,4,3,0,2,1,12,3,0,3,4,4,3.5,0.217391304347826
24,0,1,2,18,1,0,52,3,1,2,1,0,0,12,3,1,3,1,2,2.75,0.8333333333333334
34,0,1,2,6,4,1,45,2,2,6,2,6,0,15,3,1,0,0,0,2.75,0.0833333333333333
37,0,1,1,3,3,0,87,3,3,7,0,2,0,12,3,0,3,1,3,2.75,0.4166666666666667
34,0,1,2,5,3,1,45,2,3,3,0,2,0,12,3,0,10,5,8,2.75,0.7857142857142857
36,0,2,1,11,2,1,92,3,3,7,1,0,0,14,3,1,7,2,8,3.0,0.9
36,0,1,2,3,2,1,39,3,1,2,2,5,0,22,4,1,0,0,0,2.25,0.1428571428571428
43,0,2,1,26,2,0,92,3,4,3,1,1,1,12,3,2,12,4,12,3.75,1.0
30,0,2,2,23,3,0,96,1,1,6,2,1,0,25,4,3,7,0,9,2.25,1.0
33,0,0,1,22,2,0,95,3,2,7,1,0,0,13,3,1,7,0,7,2.5,0.875
56,1,1,2,14,4,1,72,3,1,6,1,9,1,18,3,3,4,4,3,2.0,0.7142857142857143
51,0,1,2,6,3,0,51,3,5,5,0,7,0,13,3,0,18,15,15,2.5,0.8695652173913043
31,1,1,1,6,4,0,76,1,2,7,1,4,1,18,3,0,7,7,7,2.25,0.5833333333333334
26,0,1,2,6,3,1,46,2,1,6,1,1,0,19,3,0,4,4,3,2.5,1.0
58,1,1,2,23,4,1,94,3,3,0,1,1,0,12,3,1,10,15,6,3.5,1.0
19,1,1,1,22,1,0,50,3,1,8,0,1,1,19,3,0,0,0,0,3.25,0.0
22,0,1,2,2,1,0,100,3,1,2,1,0,0,14,3,1,1,2,1,3.25,0.6666666666666666
49,0,1,2,20,4,1,96,3,2,4,1,1,0,14,3,0,11,5,11,2.25,0.9375
43,0,2,2,28,3,1,72,4,1,6,0,4,0,12,3,0,2,1,2,3.0,0.1666666666666666
50,0,2,1,12,3,1,77,3,3,7,0,4,0,11,3,0,2,2,1,3.5,0.125
31,1,1,1,20,3,1,71,1,2,7,1,3,1,11,3,1,2,2,2,2.75,0.5
41,0,1,1,9,1,0,96,3,3,7,2,3,1,13,3,1,7,0,7,3.0,0.75
26,0,1,0,25,1,1,61,3,1,1,1,1,0,23,4,1,7,5,7,3.25,1.0
36,0,1,2,6,2,0,84,3,2,4,2,6,0,20,4,2,2,0,1,2.75,0.4285714285714285
51,1,2,2,8,4,0,53,1,3,4,0,2,0,15,3,0,2,0,3,3.0,0.2222222222222222
39,0,1,1,4,4,1,47,2,2,7,1,4,0,14,3,1,11,5,9,3.5,0.8823529411764706
25,0,1,1,28,3,0,41,2,2,7,1,2,0,18,3,0,2,2,2,2.75,0.3333333333333333
30,0,1,0,9,3,0,48,3,2,1,1,0,1,19,3,0,9,4,7,3.0,0.9166666666666666
32,1,1,2,9,3,1,41,3,1,2,0,7,0,22,4,0,4,0,4,1.75,0.5
45,0,1,2,29,3,0,83,3,1,6,0,5,0,13,3,0,5,0,3,2.75,0.6666666666666666
38,0,1,2,3,5,1,32,3,2,6,0,3,1,20,4,0,2,2,2,3.0,0.1578947368421052
30,0,1,2,18,3,1,75,3,1,6,0,1,0,14,3,0,4,0,4,2.25,1.0
32,0,2,1,9,2,0,35,1,2,7,2,0,0,17,3,3,7,0,7,4.0,0.8888888888888888
30,0,1,2,5,3,1,84,3,1,6,2,5,0,14,3,1,2,2,2,3.0,0.375
30,0,1,2,2,1,0,35,2,1,2,0,0,0,13,3,0,3,1,2,3.25,0.8333333333333334
41,0,2,2,10,3,0,91,2,4,3,2,4,0,13,3,1,6,7,7,2.25,0.3333333333333333
41,0,1,2,9,4,0,94,3,1,2,1,2,0,21,4,1,0,1,4,2.75,0.7142857142857143
19,0,1,2,3,1,1,79,3,1,2,0,1,0,14,3,0,0,0,0,2.75,1.0
40,0,2,2,26,3,1,54,3,2,6,2,1,0,11,3,1,7,2,13,2.0,1.0
35,0,1,1,1,5,0,94,3,3,7,1,1,0,13,3,2,8,0,6,2.25,1.0
53,0,1,1,6,2,0,34,3,2,8,1,2,1,20,4,1,7,4,5,2.5,0.5384615384615384
45,0,1,2,9,3,0,60,3,2,2,2,8,0,18,3,1,9,0,15,2.0,0.85
32,0,2,1,8,3,1,43,3,3,7,0,1,0,14,3,0,8,3,7,3.25,1.0
29,0,0,2,1,1,0,41,3,2,4,1,1,0,13,3,1,7,0,9,2.75,1.0
51,0,1,2,7,4,0,34,2,2,4,1,2,0,17,3,0,0,0,0,2.75,0.1
58,0,1,2,9,3,1,75,2,1,6,1,4,1,20,4,1,0,0,0,2.0,0.1111111111111111
40,0,1,1,4,4,0,67,2,3,7,1,7,0,11,3,1,11,2,11,2.5,0.8
34,0,2,1,2,4,1,75,3,1,8,1,6,0,18,3,1,3,1,2,3.25,0.6666666666666666
22,0,1,2,19,1,0,80,3,1,6,1,1,0,24,4,2,2,2,2,2.75,1.0
27,0,0,2,9,3,0,57,3,1,6,2,6,0,18,3,1,2,2,2,2.75,0.3333333333333333
28,0,1,2,21,3,0,42,3,1,6,1,1,0,11,3,1,2,0,2,2.75,1.0
57,0,1,2,24,2,0,83,4,3,0,2,3,1,16,3,1,3,1,4,2.5,0.4166666666666667
27,0,0,2,3,3,0,79,2,1,6,2,1,1,15,3,1,1,0,1,3.0,1.0
50,0,1,2,11,3,1,53,3,5,3,0,3,0,15,3,0,4,4,4,2.5,0.238095238095238
41,0,1,2,14,3,0,56,3,1,6,2,4,0,12,3,1,8,1,8,2.0,0.6923076923076923
30,0,1,1,5,3,1,41,3,3,7,1,2,0,12,3,1,9,7,4,3.0,0.8333333333333334
38,0,1,1,1,4,1,59,2,2,7,0,4,0,22,4,0,3,0,7,3.0,0.6666666666666666
32,0,1,2,6,5,0,43,3,1,6,0,3,0,20,4,0,4,1,4,2.5,0.625
27,0,1,2,17,3,0,51,3,1,6,1,0,1,16,3,1,2,1,1,2.75,0.8333333333333334
19,1,2,1,1,1,1,100,1,1,8,0,0,0,21,4,0,0,0,0,2.25,0.0
36,0,2,2,3,2,0,30,3,1,2,0,4,0,12,3,0,7,7,2,2.75,0.6153846153846154
30,0,0,2,9,3,0,66,3,2,2,2,1,0,11,3,2,9,6,10,2.5,1.0
45,0,1,1,4,2,1,30,3,2,7,2,4,1,11,3,1,4,0,3,2.25,0.5555555555555556
56,0,1,2,8,3,1,67,3,1,6,2,4,1,18,3,1,2,2,2,2.5,0.1052631578947368
33,0,1,2,2,3,0,90,3,1,6,0,0,0,14,3,0,1,0,2,3.0,0.75
19,1,1,2,2,3,0,47,2,1,2,0,1,0,22,4,0,0,1,0,2.75,1.0
46,0,1,1,1,2,1,92,3,3,7,2,1,0,25,4,3,13,15,7,2.25,1.0
38,0,1,2,9,2,1,75,3,1,2,0,1,0,12,3,0,2,2,1,3.25,1.0
31,0,1,2,12,1,1,95,3,1,6,1,8,1,23,4,1,2,0,2,3.25,0.5714285714285714
34,0,1,2,27,2,1,95,3,1,6,0,2,0,15,3,0,2,1,2,3.25,0.3333333333333333
41,1,1,1,20,2,1,70,3,1,8,0,1,1,22,4,0,3,0,2,2.5,1.0
50,0,1,2,1,3,0,86,2,1,2,1,2,0,15,3,1,2,0,2,3.0,0.6
53,0,1,2,13,2,1,57,4,2,4,2,1,0,11,3,2,2,1,3,2.75,0.8
33,0,1,2,14,3,1,72,3,1,6,1,1,0,13,3,1,7,1,6,3.25,1.0
40,0,1,2,4,1,1,46,3,5,3,1,1,0,14,3,1,8,9,9,3.0,0.9523809523809524
55,0,1,2,14,4,0,61,4,5,5,0,8,0,11,3,0,15,2,15,3.0,0.6666666666666666
34,0,2,2,2,1,0,45,2,2,4,1,1,0,17,3,0,9,1,9,3.0,1.0
51,0,1,2,3,3,1,98,3,4,0,0,3,0,18,3,0,7,1,0,3.0,0.3333333333333333
52,0,1,2,1,4,0,65,2,5,3,1,0,0,14,3,1,18,11,9,2.5,0.9705882352941176
27,0,1,2,9,3,1,99,3,1,6,0,1,0,16,3,0,7,0,3,3.0,1.0
35,1,1,2,23,2,0,50,2,2,4,1,3,1,13,3,0,0,0,1,2.25,0.125
43,0,0,2,7,3,0,37,4,1,6,2,4,0,14,3,3,4,2,2,4.0,0.7142857142857143
45,0,0,2,2,2,0,65,2,4,3,1,9,0,23,4,1,8,11,8,3.0,0.9090909090909092
37,0,1,2,21,3,0,65,4,1,6,1,1,1,12,3,1,7,1,7,1.5,1.0
35,0,2,2,2,3,1,37,3,2,2,0,5,0,11,3,0,2,1,2,2.75,0.6
42,0,0,2,21,2,1,36,3,2,4,2,2,0,16,3,1,3,0,2,2.75,0.4545454545454545
38,0,1,2,2,4,0,88,3,2,4,1,9,0,14,3,0,0,0,0,3.0,0.0714285714285714
38,0,1,2,29,3,0,54,3,2,4,1,3,0,18,3,1,7,1,7,2.5,0.7777777777777778
27,0,2,2,1,1,0,60,2,2,4,1,5,0,19,3,1,2,2,0,2.5,0.3333333333333333
49,0,0,2,18,4,0,92,3,2,4,2,1,1,15,3,2,7,1,7,3.0,1.0
34,0,2,2,10,4,0,43,3,1,6,2,1,1,17,3,1,3,2,0,3.75,1.0
40,0,1,2,19,2,0,99,3,2,2,1,8,1,15,3,1,2,3,7,3.5,0.4666666666666667
38,1,1,2,29,1,0,70,3,2,0,1,7,1,19,3,0,0,0,0,2.0,0.0588235294117647
29,1,1,1,27,3,1,35,3,3,7,1,1,0,22,4,3,4,1,9,3.0,1.0
22,0,1,2,5,3,0,60,4,1,6,2,1,1,16,3,1,2,2,2,2.25,1.0
36,0,2,2,18,1,1,73,3,1,2,0,1,0,13,3,0,1,1,7,2.5,1.0
40,0,0,2,9,5,0,63,2,2,0,1,9,0,14,3,1,2,0,2,3.25,0.6
46,0,1,2,1,4,0,97,3,3,0,2,7,0,16,3,1,2,0,3,2.75,0.2352941176470588
32,1,1,1,4,4,0,32,1,3,7,1,1,0,11,3,0,8,9,8,3.25,1.0
30,0,0,2,1,1,0,88,2,3,4,0,1,0,22,4,0,8,5,8,3.0,0.9166666666666666
27,0,2,1,20,3,1,90,3,2,7,0,1,0,14,3,0,7,0,7,3.5,1.0
51,0,1,2,8,4,0,81,2,3,5,1,5,0,16,3,2,9,4,7,2.25,0.625
30,1,1,2,3,3,1,88,3,1,6,0,5,1,11,3,0,2,0,4,2.75,0.625
41,0,1,1,6,3,1,75,3,3,3,0,3,1,18,3,0,0,0,0,3.5,0.0625
30,1,2,1,26,4,1,52,2,2,7,0,5,0,15,3,0,3,0,1,2.25,0.6666666666666666
29,1,1,2,1,3,0,85,3,1,6,0,0,0,14,3,0,2,1,5,3.0,0.8571428571428571
45,0,0,1,6,3,1,57,2,3,7,0,6,0,12,3,0,7,12,8,3.75,0.8260869565217391
54,0,1,1,3,3,1,52,3,2,7,1,2,0,14,3,1,2,0,5,3.0,0.375
36,0,1,2,5,2,0,62,3,2,2,0,8,0,16,3,0,11,3,7,3.5,0.8125
33,0,1,2,4,4,1,47,2,1,6,1,6,0,21,4,0,2,1,1,3.0,0.4285714285714285
37,0,2,2,11,3,0,47,3,3,5,2,1,1,14,3,3,8,0,7,3.0,1.0
38,0,1,1,3,3,0,76,3,3,7,2,0,0,12,3,2,10,5,13,2.25,0.9411764705882352
31,0,0,2,1,4,0,90,1,2,4,1,0,0,12,3,1,4,1,4,3.25,0.8333333333333334
59,0,1,2,3,3,0,70,2,1,6,1,3,0,17,3,1,0,0,0,2.75,0.1428571428571428
37,0,2,1,4,4,0,41,3,1,8,2,4,0,17,3,1,8,5,8,2.75,0.6923076923076923
29,0,2,1,1,1,1,42,3,3,7,1,1,0,14,3,1,10,4,1,3.25,1.0
35,0,2,1,1,3,1,92,3,3,7,0,1,0,14,3,0,7,0,8,2.75,1.0
29,1,1,2,18,1,0,86,2,1,6,0,1,1,13,3,0,3,0,1,3.0,1.0
52,0,1,2,2,3,1,89,2,1,2,0,7,0,15,3,0,2,2,2,2.75,0.3333333333333333
42,0,1,2,4,2,0,58,3,5,3,1,1,0,11,3,0,17,11,15,3.5,1.0
59,0,1,0,6,2,0,52,3,1,1,1,8,0,17,3,0,2,2,2,2.75,0.2857142857142857
50,0,1,1,1,4,1,68,3,5,3,2,3,0,11,3,1,0,0,6,3.25,0.21875
33,1,1,2,14,3,0,58,3,1,2,1,5,1,13,3,1,4,0,4,2.75,0.625
43,0,1,1,16,3,1,80,3,4,3,1,5,1,22,4,1,13,1,9,3.5,0.7727272727272727
33,1,1,2,2,2,1,39,3,1,2,1,7,0,20,4,0,7,1,7,1.75,0.6923076923076923
52,0,0,1,2,4,0,79,2,5,3,0,1,1,18,3,0,7,15,12,3.0,1.0
32,0,1,1,4,2,1,56,3,1,8,1,2,0,11,3,1,3,1,2,2.25,0.6666666666666666
32,1,1,2,1,3,0,62,2,1,2,0,0,1,14,3,0,2,1,2,3.0,0.75
39,0,1,2,1,4,1,96,3,1,2,2,7,0,14,3,3,2,1,2,3.0,0.4285714285714285
32,0,0,1,26,4,0,100,3,2,7,1,0,0,18,3,0,2,2,2,2.75,0.75
41,0,1,2,19,2,0,36,3,2,6,2,2,0,16,3,2,0,0,0,1.75,0.0588235294117647
40,0,1,2,24,2,0,62,3,2,6,2,1,0,17,3,2,8,4,7,2.25,1.0
45,0,1,2,1,3,0,70,4,5,3,1,0,0,11,3,1,0,1,7,3.25,0.96
31,0,2,2,3,4,0,73,3,3,5,2,9,0,12,3,1,2,2,2,2.25,0.2222222222222222
33,0,1,2,5,4,1,63,2,1,6,1,1,0,13,3,1,2,0,2,3.0,1.0
34,0,1,2,2,4,0,84,2,2,4,1,6,0,13,3,1,9,5,9,2.5,0.8461538461538461
37,0,1,2,1,2,1,83,2,1,6,1,2,0,14,3,1,1,0,2,1.75,0.1764705882352941
45,0,2,2,7,4,0,77,4,2,4,1,4,0,17,3,1,2,0,2,2.75,0.3333333333333333
37,1,2,2,10,3,0,61,3,3,4,2,6,0,11,3,2,0,0,0,2.25,0.0588235294117647
39,0,2,2,2,4,1,64,3,3,0,0,0,0,25,4,0,6,11,8,3.25,0.95
29,0,1,2,15,3,0,60,3,1,6,0,1,0,19,3,0,5,1,5,2.75,1.0
42,0,1,2,17,2,1,82,4,2,6,0,3,1,13,3,0,2,0,2,2.75,0.3
29,0,1,1,20,2,0,45,3,2,7,2,2,0,14,3,1,2,0,2,3.75,0.3
25,0,1,2,1,3,1,62,3,2,4,1,0,0,12,3,2,2,1,2,2.75,0.8
42,0,1,2,2,3,1,56,2,1,2,2,0,1,11,3,1,6,7,8,2.75,0.9
40,0,1,2,2,2,0,49,3,5,5,2,0,0,19,3,1,7,3,9,2.75,0.9545454545454546
51,0,1,2,1,3,0,96,3,1,6,1,1,0,11,3,0,0,0,0,2.75,1.0
31,1,2,2,29,2,0,71,2,1,2,0,0,0,11,3,0,4,1,4,2.75,0.8333333333333334
32,0,2,2,7,3,0,100,4,1,2,1,1,0,20,4,0,1,0,3,2.0,1.0
38,0,0,1,2,2,0,39,2,2,7,1,3,0,18,3,1,7,7,5,3.75,0.6153846153846154
32,0,1,2,2,1,0,84,2,2,2,0,4,0,13,3,0,2,0,4,3.0,0.6666666666666666
46,0,1,1,2,3,1,75,1,4,3,1,3,1,12,3,1,7,7,7,2.25,0.25
28,1,1,2,2,4,0,79,3,1,2,0,2,0,11,3,0,0,0,0,2.0,0.0
29,0,1,1,2,3,0,78,2,2,7,1,2,0,19,3,2,0,0,0,2.0,0.0
31,0,1,2,23,3,0,64,2,2,0,1,0,0,21,4,1,0,7,8,2.75,0.9
25,0,0,2,5,2,0,85,4,2,0,2,1,0,12,3,2,3,1,5,2.5,1.0
45,0,1,2,20,2,0,79,3,4,0,1,0,1,14,3,0,7,4,10,3.0,0.9523809523809524
36,0,1,2,6,3,0,47,3,1,2,1,0,0,11,3,1,13,10,11,3.5,0.9375
55,0,1,2,1,3,0,81,3,5,3,0,0,1,14,3,0,10,4,13,2.75,0.972972972972973
47,1,0,2,29,4,0,88,3,3,3,1,1,1,12,3,1,7,9,9,2.25,1.0
28,0,1,2,9,3,0,94,3,1,6,1,1,0,23,4,1,2,0,4,3.5,1.0
37,0,1,1,6,4,0,98,3,2,7,1,4,0,14,3,1,4,0,1,3.25,0.7142857142857143
21,0,1,2,3,2,0,100,2,1,6,0,1,0,17,3,0,2,1,0,3.0,1.0
37,0,0,2,1,4,1,80,3,3,5,2,2,1,18,3,2,2,0,2,2.25,0.3333333333333333
35,0,1,2,22,3,1,71,4,3,3,2,7,0,18,3,1,7,6,2,2.0,0.7
38,0,1,1,7,2,1,44,4,2,7,2,1,1,24,4,1,0,7,7,2.0,1.0
26,0,2,2,1,3,1,84,3,2,4,2,1,0,20,4,1,5,1,4,1.75,1.0
50,0,1,2,4,1,0,96,3,5,5,2,3,0,14,3,2,4,1,6,1.5,0.3571428571428571
53,0,1,2,3,4,0,45,3,4,5,1,3,1,16,3,3,3,1,3,3.0,0.238095238095238
42,0,1,1,1,1,0,99,3,2,7,1,1,0,25,4,0,16,11,6,2.75,1.0
29,0,2,1,2,2,0,44,3,2,7,0,1,0,18,3,0,7,0,9,2.25,1.0
55,0,1,2,20,2,0,37,3,2,2,1,3,1,19,3,1,7,0,8,3.25,0.8333333333333334
26,0,2,2,11,2,0,60,3,2,0,1,1,1,13,3,1,3,3,3,2.0,1.0
37,0,1,2,1,3,1,42,3,1,6,0,1,0,12,3,0,12,5,7,3.25,1.0
44,1,2,2,24,3,0,43,3,1,2,2,3,1,22,4,1,0,0,0,3.0,0.0526315789473684
38,0,1,2,23,4,0,82,3,2,0,2,9,0,14,3,1,2,1,2,3.25,0.2
26,1,1,2,16,4,0,45,3,1,2,2,2,1,13,3,1,2,0,2,2.5,0.6
28,0,1,2,8,2,1,66,3,1,6,0,1,0,21,4,0,3,0,2,3.75,1.0
49,0,2,2,10,4,1,35,3,5,5,0,9,1,11,3,0,2,1,2,2.75,0.1363636363636363
36,0,1,2,3,3,0,30,3,2,6,0,4,0,12,3,0,0,7,7,3.0,0.8
31,0,2,1,5,3,1,84,3,1,8,2,1,0,11,3,1,2,2,2,2.75,1.0
26,1,1,1,4,4,0,48,2,2,7,0,1,1,12,3,0,7,7,4,3.25,1.0
37,0,2,2,9,3,0,53,3,1,6,1,1,1,12,3,3,2,1,2,2.75,1.0
42,0,2,1,26,3,1,77,3,4,7,1,5,0,14,3,1,4,4,8,3.25,0.8695652173913043
18,1,1,2,3,3,0,54,3,1,2,0,1,0,13,3,0,0,0,0,3.0,0.0
35,0,1,1,16,3,0,96,3,3,7,1,0,0,15,3,2,9,6,9,2.5,0.9166666666666666
36,0,2,2,18,4,0,81,4,1,2,1,4,0,18,3,2,0,0,0,3.5,0.25
51,0,1,2,2,3,0,84,1,2,4,2,5,0,18,3,1,1,1,2,3.25,0.3076923076923077
41,0,1,1,2,4,0,88,3,4,3,0,1,0,19,3,0,10,0,4,2.75,1.0
18,0,1,1,10,3,1,69,2,1,8,0,1,0,12,3,0,0,0,0,2.75,0.0
28,0,1,2,16,2,0,68,4,2,0,0,0,0,19,3,0,3,0,7,2.25,0.8888888888888888
31,0,1,1,7,3,0,100,4,2,7,1,4,0,11,3,1,7,7,7,2.5,0.8
39,0,1,2,1,3,0,48,4,3,0,2,0,0,17,3,3,10,3,7,2.5,0.9473684210526316
36,0,0,2,24,4,1,47,3,2,2,1,7,0,15,3,1,8,0,8,2.5,0.8181818181818182
32,0,1,1,7,3,0,91,2,2,7,1,1,0,14,3,1,8,4,8,3.0,1.0
38,0,1,2,25,2,1,81,2,3,5,1,3,0,17,3,1,8,0,1,2.25,0.5263157894736842
58,0,0,2,1,4,0,32,1,2,0,2,2,1,13,3,1,3,1,2,3.5,0.4166666666666667
31,0,1,2,5,4,0,86,3,1,6,1,0,1,12,3,1,2,0,3,3.25,0.8333333333333334
31,0,1,0,2,3,0,62,2,2,1,1,3,0,12,3,0,2,1,0,2.25,0.2222222222222222
45,0,2,2,7,3,0,97,3,3,2,2,1,0,18,3,1,9,9,11,1.5,1.0
31,0,1,2,2,4,0,32,3,1,6,2,0,1,18,3,1,2,2,2,2.5,0.6666666666666666
33,0,2,2,5,4,1,74,3,3,3,1,6,0,11,3,2,6,8,8,2.75,0.8333333333333334
39,0,1,2,10,1,0,99,3,4,3,1,1,1,14,3,0,9,11,10,2.75,1.0
43,0,2,2,10,4,1,33,3,1,2,0,0,0,19,3,0,7,1,7,2.75,0.8888888888888888
49,0,1,2,1,2,1,90,2,4,0,0,7,1,12,3,0,1,0,7,3.25,0.28
52,1,1,2,8,4,0,85,2,2,6,1,2,0,15,3,0,2,7,7,2.0,0.7272727272727273
27,0,1,2,5,3,1,85,3,1,6,0,1,1,12,3,0,3,1,2,2.25,1.0
32,0,1,1,8,2,1,65,2,2,7,1,1,1,11,3,0,12,11,9,3.0,1.0
27,0,1,1,2,3,0,74,3,2,7,0,1,1,11,3,0,4,0,4,2.75,1.0
31,0,1,1,7,3,0,73,3,2,7,2,4,0,12,3,3,7,1,7,3.75,0.5384615384615384
32,0,1,2,2,4,1,74,4,2,6,0,7,0,16,3,0,7,0,7,2.5,0.7
28,1,1,2,2,4,0,84,1,1,6,1,5,1,13,3,0,2,2,2,2.75,0.6
30,0,1,2,28,2,1,64,3,2,6,1,1,0,13,3,2,8,1,9,3.75,0.9090909090909092
31,0,2,2,7,2,1,48,2,3,4,1,1,0,24,4,1,9,8,9,2.5,1.0
39,0,2,2,7,2,0,54,2,5,3,1,1,0,15,3,1,9,13,3,2.75,1.0
39,1,1,1,3,2,1,41,3,2,7,1,4,1,18,3,0,0,0,0,2.5,0.0833333333333333
33,0,2,1,10,3,0,46,2,2,7,0,3,0,14,3,0,7,0,1,2.75,0.7777777777777778
47,0,1,2,5,5,0,42,3,5,5,1,4,0,11,3,1,2,1,1,3.0,0.1428571428571428
43,0,2,2,10,4,1,82,2,2,2,2,1,0,11,3,1,7,0,0,3.0,1.0
27,0,0,1,1,1,0,73,3,2,7,1,0,1,13,3,1,4,1,4,3.0,0.8333333333333334
54,0,2,2,20,4,1,31,3,2,6,0,3,0,12,3,0,3,0,3,3.25,0.2
43,0,1,2,7,3,1,43,3,3,0,1,8,0,16,3,1,0,0,0,1.75,0.1
45,0,1,2,8,4,0,75,3,2,6,1,9,0,14,3,2,9,9,8,3.0,0.8333333333333334
40,0,1,1,1,2,0,57,1,2,7,1,2,1,22,4,3,3,0,2,2.75,0.6666666666666666
29,1,1,2,8,4,0,77,1,1,2,1,1,1,11,3,0,7,0,7,2.25,1.0
29,0,1,2,9,5,0,30,2,1,2,0,0,0,17,3,0,2,2,2,3.0,0.75
30,0,1,1,5,3,1,30,2,2,7,2,1,0,13,3,3,9,1,2,3.25,1.0
27,0,1,1,8,4,1,56,3,2,7,1,1,0,18,3,1,7,0,7,2.0,1.0
37,0,1,2,5,2,0,61,3,2,4,2,7,0,16,3,2,2,0,4,3.25,0.75
38,0,1,2,15,2,0,92,2,3,5,2,0,1,14,3,1,10,2,9,3.0,0.9166666666666666
31,0,1,2,7,4,1,39,3,3,4,0,1,1,14,3,0,9,4,10,3.0,1.0
29,0,1,1,10,1,1,39,2,2,7,2,1,1,14,3,2,7,1,7,2.5,1.0
35,0,1,2,5,4,0,62,3,3,4,0,0,0,13,3,0,6,0,13,3.0,0.9411764705882352
23,0,1,2,26,1,0,83,3,1,6,2,1,0,12,3,2,2,0,2,3.0,1.0
41,0,1,2,6,3,0,95,2,2,4,0,6,1,15,3,0,4,1,2,3.25,0.625
47,0,2,1,4,1,0,99,3,2,8,0,3,0,19,3,0,0,0,0,2.25,0.0
42,0,1,2,23,5,1,44,3,4,5,0,2,0,14,3,0,0,0,0,2.5,0.0625
29,0,0,1,2,3,0,61,3,2,7,1,1,0,14,3,1,3,0,2,2.5,1.0
42,0,1,0,2,1,0,52,3,1,1,2,0,1,11,3,1,2,1,0,3.0,0.75
32,0,1,2,2,3,1,75,3,1,2,1,1,0,13,3,1,0,0,7,2.75,1.0
48,0,1,1,29,1,1,91,3,3,3,1,3,0,21,4,1,0,0,0,1.75,0.0
37,0,1,2,6,3,0,51,4,2,6,2,4,1,13,3,2,7,6,7,2.0,0.5384615384615384
30,0,0,1,25,2,1,85,3,2,7,1,7,1,12,3,1,2,2,2,3.25,0.5
26,0,1,1,1,3,0,57,3,2,7,1,1,0,17,3,1,7,7,7,2.75,1.0
42,0,1,2,2,4,0,98,2,2,0,0,3,0,23,4,0,0,0,0,2.5,0.0714285714285714
21,1,2,1,1,1,1,99,2,1,8,0,1,1,11,3,0,2,1,2,2.25,1.0
36,0,0,1,1,5,1,45,3,2,7,0,4,0,15,3,0,0,0,0,3.25,0.1428571428571428
36,0,2,1,3,4,0,48,2,3,7,1,4,0,11,3,1,9,1,12,2.25,0.8125
57,0,1,2,1,4,0,88,3,2,0,1,2,0,11,3,0,2,1,2,3.25,0.2
40,0,1,2,10,4,1,46,4,1,2,1,3,1,13,3,1,7,1,7,3.25,0.7
21,0,0,1,9,2,0,39,3,1,8,0,1,0,24,4,0,2,2,2,2.5,1.0
33,1,1,1,5,3,1,34,3,1,8,0,1,1,13,3,0,0,0,0,3.0,1.0
37,0,1,2,10,3,1,98,3,1,2,1,6,0,20,4,1,4,0,3,2.25,0.2941176470588235
46,0,0,2,7,4,1,30,3,2,4,1,2,0,14,3,0,0,0,0,3.25,0.1428571428571428
41,1,2,1,4,3,0,56,3,2,7,0,1,0,18,3,0,7,7,7,2.25,1.0
50,0,1,2,10,3,0,100,2,3,0,0,6,0,15,3,0,3,1,3,3.75,0.2
40,1,1,1,22,2,0,68,2,2,7,1,2,1,12,3,2,4,1,0,2.5,0.75
31,0,1,2,9,4,0,42,2,1,6,0,0,1,16,3,0,2,2,2,3.0,0.6666666666666666
21,1,1,1,12,3,1,90,4,1,8,0,1,0,15,3,0,0,0,0,3.0,1.0
29,0,1,2,23,3,0,54,3,1,6,0,9,0,16,3,0,2,1,2,3.75,0.5
35,0,1,2,9,4,0,97,2,2,0,0,9,0,19,3,0,1,0,0,2.75,0.1
27,0,1,2,1,2,0,82,3,1,2,2,1,0,11,3,1,2,0,4,2.75,1.0
28,0,1,1,9,4,0,92,3,2,7,0,1,0,16,3,0,5,0,7,3.25,1.0
49,0,1,2,7,3,0,31,2,3,0,0,8,0,24,4,0,2,0,0,2.75,0.1923076923076923
51,0,1,1,14,2,1,87,3,2,7,1,4,0,11,3,1,7,0,7,3.0,0.3888888888888889
36,0,1,2,2,3,1,96,3,1,6,1,4,0,13,3,1,2,2,2,3.0,0.3333333333333333
34,1,0,1,19,3,0,67,4,2,7,0,8,1,13,3,0,2,0,4,2.25,0.5555555555555556
55,0,1,2,2,3,1,97,3,4,3,0,2,1,13,3,0,4,1,2,3.25,0.1666666666666666
24,0,1,1,10,4,1,77,3,2,7,2,1,1,12,3,1,2,0,3,3.75,1.0
30,0,1,1,2,1,0,72,3,1,8,1,1,0,18,3,1,0,0,0,2.25,1.0
26,1,2,2,3,1,0,73,3,1,6,0,0,0,22,4,0,4,0,4,2.5,0.8571428571428571
22,0,1,2,11,3,1,43,3,1,6,1,1,0,13,3,1,1,1,2,2.5,1.0
36,0,1,1,2,2,0,61,2,3,7,1,1,0,13,3,2,9,9,0,2.5,1.0
30,1,2,2,4,3,0,40,3,1,6,0,9,1,23,4,0,0,0,0,3.25,0.3333333333333333
37,0,1,2,14,3,1,95,3,1,2,2,1,0,12,3,1,7,12,17,2.5,1.0
40,0,1,1,2,2,1,46,3,2,7,2,7,0,12,3,2,4,1,3,3.0,0.625
42,0,1,2,1,4,1,95,3,1,2,2,3,0,16,3,1,2,1,2,2.0,0.625
37,0,1,2,10,4,0,49,3,2,4,0,2,1,12,3,0,0,0,1,2.75,0.0555555555555555
43,0,1,2,12,3,0,59,2,4,5,2,1,0,11,3,1,10,3,9,2.25,1.0
40,0,1,2,2,3,1,78,2,2,2,1,6,0,22,4,1,0,0,0,2.5,0.05
54,0,1,2,5,2,0,86,3,5,5,1,4,0,11,3,1,2,1,2,1.75,0.1666666666666666
34,0,0,1,4,4,1,72,3,2,7,1,9,0,15,3,1,2,1,2,2.5,0.5
31,0,1,2,7,2,1,31,3,2,4,1,1,0,12,3,1,10,3,12,1.5,1.0
43,0,2,2,21,3,0,61,3,1,2,1,7,0,20,4,1,2,1,2,3.0,0.375
43,0,1,2,8,4,1,74,3,2,0,2,4,1,14,3,0,2,0,2,3.25,0.625
25,0,1,1,4,2,1,99,2,2,7,0,1,1,11,3,0,4,1,3,2.75,1.0
37,0,0,2,25,5,1,72,3,2,6,1,3,1,15,3,2,11,10,7,2.25,0.8666666666666667
31,0,1,2,1,2,0,98,2,1,2,1,1,0,12,3,1,2,3,2,2.75,1.0
39,0,2,2,1,1,0,52,3,5,3,2,1,1,14,3,1,8,1,6,2.75,1.0
56,0,2,1,6,3,1,86,4,4,7,1,9,0,11,3,3,7,7,7,2.5,0.1944444444444444
30,0,1,1,12,3,1,83,3,2,7,0,0,0,11,3,0,4,4,4,2.5,0.8333333333333334
41,0,1,1,1,3,0,49,4,3,7,1,1,0,16,3,1,7,0,7,2.25,1.0
28,0,1,2,17,2,0,79,3,2,2,2,1,0,12,3,1,0,1,8,2.75,1.0
25,1,1,2,3,3,0,91,3,1,2,1,5,0,13,3,1,2,0,2,2.0,0.3333333333333333
52,0,1,2,3,3,0,39,2,3,4,1,2,1,14,3,0,4,0,4,3.25,0.1785714285714285
45,0,1,2,10,2,0,69,3,1,6,1,3,0,21,4,2,2,0,2,2.75,0.25
52,0,1,2,4,2,1,30,3,4,3,1,2,0,13,3,0,2,1,4,3.25,0.1612903225806451
42,0,2,2,29,2,1,92,3,2,6,2,2,0,11,3,1,4,0,2,2.25,0.2631578947368421
30,0,1,2,2,3,1,43,1,2,4,0,2,0,20,4,0,4,0,2,3.25,0.4545454545454545
60,0,1,2,7,3,1,41,3,5,3,1,5,0,11,3,0,8,11,10,1.75,0.8787878787878788
46,0,1,2,18,3,1,87,3,2,4,2,2,0,14,3,1,7,0,8,2.75,0.5263157894736842
42,0,2,2,28,4,1,88,2,2,0,1,0,0,11,3,3,5,0,4,4.0,0.8571428571428571
24,1,1,1,1,1,1,62,3,1,8,0,1,1,16,3,0,3,1,4,2.0,0.8333333333333334
34,1,2,1,6,2,1,33,1,1,8,2,0,0,16,3,1,2,1,0,3.25,0.6666666666666666
38,0,2,2,2,2,0,42,3,1,2,1,1,1,23,4,1,0,0,0,3.5,1.0
40,0,1,1,2,4,1,79,3,5,3,1,0,0,14,3,0,15,1,12,3.25,0.9523809523809524
26,0,1,2,23,3,1,90,3,1,6,2,1,0,22,4,2,2,0,2,2.0,1.0
30,0,0,2,3,3,0,53,3,1,2,1,4,0,15,3,1,3,1,4,2.75,0.5555555555555556
29,0,1,2,3,4,0,93,2,3,5,1,1,0,18,3,0,2,0,7,2.75,1.0
29,1,1,2,25,5,1,71,2,1,6,1,5,0,16,3,0,2,1,1,2.75,0.3333333333333333
19,1,1,0,2,2,0,52,2,1,1,0,1,0,12,3,0,0,0,0,3.0,1.0
30,0,0,1,22,4,1,69,3,3,7,1,0,0,11,3,0,8,7,8,2.5,0.9
57,0,1,1,29,3,0,56,2,4,3,2,3,0,12,3,1,0,0,0,2.5,0.03125
50,0,1,2,29,4,0,88,2,4,3,1,0,0,15,3,1,10,15,7,2.5,0.9642857142857144
30,0,0,2,2,3,1,49,3,1,2,0,0,0,14,3,0,7,6,7,3.0,0.9166666666666666
60,0,2,1,28,3,1,80,2,3,7,1,4,0,19,3,0,13,13,11,3.0,0.8181818181818182
47,0,1,2,2,2,1,65,3,2,4,2,5,0,13,3,3,0,0,4,2.75,0.25
46,0,1,2,2,3,0,51,3,4,5,1,6,0,13,3,0,2,0,1,2.0,0.1153846153846153
35,0,1,2,22,3,0,46,1,1,2,0,0,0,15,3,0,4,4,3,3.25,0.8333333333333334
54,0,1,2,8,4,1,42,3,2,2,0,7,0,11,3,0,0,0,0,3.0,0.0526315789473684
34,0,1,2,2,4,0,62,2,1,6,2,3,0,12,3,1,3,5,7,3.25,0.5
46,0,1,1,10,3,1,94,2,3,7,1,2,1,19,3,1,2,1,2,3.25,0.2
31,0,1,2,9,1,0,33,3,3,4,2,1,0,25,4,1,8,0,8,3.25,1.0
33,1,1,2,15,1,0,56,3,3,3,1,7,1,12,3,0,6,7,7,3.25,0.4666666666666667
33,1,1,2,10,1,0,38,1,1,2,2,7,0,13,3,3,3,1,3,2.25,0.5
30,0,1,1,7,1,0,57,3,1,8,0,0,0,14,3,0,2,1,2,2.5,0.75
35,0,1,2,16,3,0,72,3,3,0,1,4,1,12,3,0,7,0,0,3.25,0.8
31,1,2,2,20,3,0,66,3,3,0,1,3,0,12,3,0,0,0,0,2.0,0.0833333333333333
34,1,2,0,23,3,1,43,3,3,1,2,9,1,15,3,3,2,0,2,2.25,0.2727272727272727
42,0,2,2,5,2,0,97,3,1,2,1,4,0,17,3,1,2,2,0,3.0,0.25
36,0,0,1,10,4,0,32,3,3,7,0,1,0,14,3,0,3,9,7,3.0,1.0
22,1,2,2,4,1,0,99,2,1,2,0,5,0,16,3,0,2,1,2,3.0,0.5
48,0,1,1,2,5,1,37,3,2,7,1,2,0,14,3,1,7,6,7,2.5,0.6428571428571429
55,0,1,1,18,5,1,83,3,4,3,0,3,0,23,4,0,9,7,7,2.5,0.2702702702702703
41,0,0,1,10,2,0,56,3,2,7,0,7,0,14,3,0,3,1,10,3.75,0.875
35,0,1,1,1,3,0,85,3,2,7,1,9,0,11,3,0,9,6,9,2.75,0.7333333333333333
40,0,1,2,6,3,1,75,3,4,4,0,7,0,15,3,0,6,5,13,2.75,0.9090909090909092
39,0,2,2,8,1,1,48,3,1,2,1,1,0,11,3,1,3,0,7,2.5,1.0
31,0,1,1,2,1,0,77,3,2,7,0,4,1,13,3,0,5,0,5,3.25,0.6
42,0,1,2,24,3,0,56,3,3,4,1,1,1,21,4,1,9,5,8,2.75,1.0
45,0,1,1,2,3,0,61,3,2,7,1,0,0,19,3,1,7,3,7,3.0,0.8888888888888888
26,1,2,0,17,4,1,58,3,1,1,2,0,1,11,3,1,7,1,0,2.25,0.875
29,0,1,2,19,3,0,34,3,2,4,2,4,0,12,3,2,2,1,2,3.5,0.375
33,0,1,2,1,5,1,95,4,4,5,2,4,0,19,3,1,1,0,5,2.5,0.6
31,0,1,1,7,3,0,44,2,3,3,2,9,0,21,4,1,4,0,1,3.0,0.5
18,1,2,1,5,3,0,69,3,1,8,0,1,1,14,3,0,0,0,0,2.75,0.0
40,0,0,1,28,3,0,58,1,3,7,2,3,0,15,3,1,0,0,1,2.5,0.05
41,0,0,2,2,4,1,62,2,2,0,0,2,1,17,3,0,7,0,7,2.0,0.8
26,0,1,1,29,2,0,45,3,2,7,2,5,0,12,3,2,0,0,0,2.0,0.0
35,0,1,1,1,3,1,80,3,2,7,0,1,0,16,3,0,4,0,3,2.75,1.0
34,0,1,1,21,4,0,74,4,2,7,0,1,0,12,3,0,7,5,7,3.75,1.0
26,1,1,2,24,3,0,66,1,1,2,0,1,1,18,3,0,0,0,0,2.5,1.0
37,0,1,2,1,3,1,59,3,3,4,0,4,0,17,3,0,5,1,2,3.5,0.5
46,0,2,2,18,1,1,86,3,3,0,1,5,0,11,3,0,2,1,2,2.5,0.0714285714285714
41,0,1,1,2,5,1,91,3,4,3,1,7,0,16,3,1,16,11,8,2.0,0.8181818181818182
37,0,0,1,9,4,0,69,3,3,7,2,1,0,13,3,1,5,7,7,2.5,1.0
52,0,1,2,6,2,0,78,3,2,6,2,3,1,12,3,2,9,6,9,2.5,0.5555555555555556
32,1,0,1,11,4,0,60,4,2,7,1,8,0,12,3,0,2,1,2,3.5,0.6666666666666666
24,0,2,1,24,3,0,38,3,1,8,1,0,0,13,3,2,2,2,1,3.5,0.6666666666666666
38,0,1,2,10,3,1,76,3,2,0,1,3,0,19,3,1,0,0,0,3.0,0.0555555555555555
37,0,1,2,1,4,1,65,3,2,4,1,6,0,12,3,1,5,4,3,2.0,0.75
49,0,1,2,18,4,0,58,2,5,5,2,1,1,17,3,1,9,0,9,3.25,1.0
24,0,1,2,23,3,0,89,4,1,6,1,1,1,11,3,2,5,1,4,2.75,1.0
26,0,1,1,28,2,0,66,3,2,7,1,1,0,20,4,2,3,1,4,2.75,0.8333333333333334
24,0,1,2,17,2,0,94,2,1,2,1,1,0,21,4,1,0,0,0,3.25,1.0
50,0,2,0,3,3,0,99,3,5,3,1,1,0,11,3,1,5,10,7,2.25,1.0
25,0,1,1,13,1,0,40,3,1,8,1,1,0,11,3,0,4,0,6,2.75,1.0
24,1,2,2,7,3,1,55,3,1,2,1,1,1,16,3,1,3,1,2,2.75,1.0
30,1,2,1,12,4,0,74,2,1,8,1,1,0,18,3,1,0,0,0,2.5,1.0
34,0,1,2,1,2,0,83,2,1,6,1,1,1,13,3,1,5,1,3,3.25,1.0
31,1,1,1,13,4,0,46,3,2,7,2,2,0,17,3,0,1,1,2,1.75,0.3333333333333333
35,0,1,2,25,2,0,54,2,2,2,0,4,0,14,3,0,2,0,2,3.0,0.3333333333333333
31,0,1,1,6,4,0,66,4,2,7,2,4,0,22,4,2,7,5,7,3.25,0.5384615384615384
27,0,1,2,6,4,1,66,2,1,6,2,0,0,12,3,2,3,0,3,2.25,0.8333333333333334
37,0,1,1,2,3,0,75,3,2,7,1,4,1,11,3,1,0,1,0,3.0,0.1764705882352941
20,0,1,2,1,3,1,83,2,1,6,0,1,0,13,3,0,0,0,0,3.5,1.0
42,0,1,2,2,4,1,81,3,2,0,1,1,0,13,3,2,2,2,2,3.0,1.0
43,0,1,2,6,4,0,50,2,4,5,2,4,1,14,3,1,0,0,0,2.75,0.0476190476190476
38,0,1,2,1,1,1,43,3,1,6,0,3,0,17,3,0,0,0,0,2.5,0.0
43,0,2,2,9,5,0,72,3,2,2,2,3,1,13,3,1,7,4,7,3.0,0.8
48,0,1,2,1,4,1,40,2,4,3,1,7,0,11,3,1,2,0,2,1.75,0.1428571428571428
44,0,1,0,1,4,1,50,2,2,1,0,4,0,11,3,0,2,0,2,2.5,0.2
34,0,1,1,14,3,1,31,3,1,8,2,1,1,18,3,2,2,0,6,3.25,1.0
27,1,1,1,2,1,0,85,3,1,8,2,0,0,11,3,1,3,0,2,2.25,0.8
21,0,1,1,22,1,0,49,3,1,8,0,1,0,11,3,0,2,1,2,3.0,1.0
44,0,1,2,3,4,0,35,3,5,3,1,4,1,12,3,1,2,0,1,3.25,0.0769230769230769
22,0,1,2,6,1,0,69,3,1,6,1,0,0,20,4,0,2,2,2,2.75,0.6666666666666666
33,0,1,1,8,4,0,39,3,2,7,2,0,0,12,3,0,0,1,2,3.25,0.8333333333333334
32,0,1,2,9,4,1,92,3,2,6,1,1,1,12,3,1,4,0,5,2.75,1.0
30,0,2,2,3,3,1,71,3,1,6,2,1,0,20,4,1,0,0,0,3.0,1.0
53,0,1,1,1,1,1,34,3,2,7,0,7,0,20,4,0,7,8,10,3.25,0.7777777777777778
34,0,1,2,1,5,0,42,3,1,6,1,1,0,12,3,1,9,8,8,3.0,1.0
45,1,2,1,26,4,1,100,3,2,7,1,2,0,14,3,2,1,0,0,2.25,0.2
26,0,1,2,6,3,1,71,3,1,2,1,1,1,13,3,1,2,0,2,3.25,1.0
37,0,1,2,3,3,0,36,3,3,4,1,1,0,15,3,1,7,7,8,3.0,1.0
29,0,1,1,3,2,1,62,3,2,7,1,1,0,14,3,1,0,1,2,2.0,1.0
35,0,1,2,6,4,0,82,1,2,6,0,1,0,13,3,0,11,11,8,2.75,1.0
33,0,2,2,6,3,0,30,3,2,0,2,3,0,23,4,1,11,4,7,2.75,0.8666666666666667
54,0,1,0,19,4,0,88,3,3,1,1,2,0,15,3,1,7,7,1,3.0,0.5625
36,0,1,2,9,2,0,48,2,2,4,2,2,1,11,3,1,2,0,2,2.5,0.2307692307692307
27,0,1,2,3,4,0,54,2,1,6,0,0,0,13,3,0,2,1,1,3.0,0.8
20,1,1,2,10,1,0,32,3,1,6,0,1,1,11,3,0,0,1,1,3.5,1.0
33,1,2,2,3,3,0,70,3,1,6,0,1,1,11,3,0,8,9,7,1.5,1.0
35,0,0,2,3,3,0,41,2,1,2,1,1,0,18,3,2,0,0,0,3.0,1.0
23,0,1,2,4,3,0,58,4,1,6,1,2,0,16,3,1,2,0,2,1.75,0.6
25,0,1,1,8,3,0,57,4,2,7,1,0,0,22,4,1,2,1,2,3.0,0.75
38,0,1,1,7,4,1,46,2,2,7,0,0,0,20,4,0,7,0,5,3.0,0.875
29,0,2,2,1,4,0,76,1,1,6,2,1,0,18,3,1,7,2,8,3.25,1.0
48,0,1,1,2,1,0,56,4,2,7,1,3,0,12,3,0,2,2,2,2.75,0.1666666666666666
27,0,2,1,3,1,1,71,4,2,7,2,1,1,20,4,2,5,0,4,3.25,1.0
37,0,1,2,10,2,0,80,4,1,6,0,3,0,17,3,0,0,0,0,3.0,0.25
50,0,1,2,28,1,0,74,4,1,2,1,1,1,11,3,3,8,3,8,3.25,1.0
34,0,1,2,9,3,1,46,2,3,0,0,1,0,14,3,0,7,7,7,3.0,0.8888888888888888
24,1,1,1,3,2,1,65,3,2,7,0,9,0,14,3,0,2,2,0,2.0,0.5
39,0,1,2,2,4,1,80,2,2,0,0,1,0,11,3,0,7,11,10,2.75,1.0
32,0,1,1,10,3,0,55,3,2,7,0,1,0,12,3,0,7,0,8,3.5,1.0
50,1,2,1,8,2,0,50,3,2,7,1,3,1,14,3,1,3,1,3,2.25,0.2222222222222222
38,0,1,2,1,4,1,33,4,2,0,0,0,0,13,3,0,7,1,8,2.75,0.9
27,0,1,2,1,2,1,68,3,3,4,1,1,0,11,3,0,7,0,7,2.75,1.0
32,0,1,2,3,2,1,39,3,3,5,0,3,0,15,3,0,7,7,7,3.5,0.7
47,0,1,1,14,4,0,42,3,2,7,0,2,0,12,3,0,7,1,7,3.0,0.35
40,0,2,1,5,4,0,48,2,3,7,1,5,1,21,4,1,13,1,12,2.75,0.9
53,0,1,2,7,3,0,59,4,4,5,1,3,0,19,3,0,1,1,3,3.0,0.15625
41,0,1,0,10,4,0,73,2,5,3,2,3,0,15,3,3,6,12,6,2.5,0.9130434782608696
60,0,1,1,16,4,0,84,3,2,7,0,8,0,14,3,0,2,2,2,2.25,0.2
27,0,2,2,10,2,0,32,3,3,4,2,1,0,21,4,2,7,1,7,2.5,1.0
41,0,1,0,1,3,0,59,2,5,3,1,1,0,12,3,1,7,2,10,3.0,1.0
50,0,1,1,8,4,0,54,3,1,8,1,7,0,15,3,1,2,2,2,3.25,0.5
28,1,1,2,1,2,1,67,1,1,6,0,7,1,13,3,0,7,3,7,2.5,0.7
36,0,0,2,8,3,1,63,4,3,5,1,9,0,14,3,1,7,0,5,1.5,0.8
38,0,1,2,1,3,1,81,3,3,4,0,4,1,14,3,0,0,0,0,3.5,0.1
44,0,0,2,24,3,0,49,1,1,2,0,2,0,14,3,0,2,1,4,2.5,0.5555555555555556
47,0,2,1,3,3,1,49,3,4,7,2,9,1,12,3,2,2,11,13,3.25,0.7857142857142857
30,0,1,1,27,5,0,99,3,2,7,2,7,0,23,4,1,7,7,7,3.25,0.8
29,0,1,1,10,3,0,99,3,1,8,0,1,0,11,3,0,0,0,0,3.0,1.0
42,1,2,2,19,3,0,57,4,1,6,2,6,1,12,3,0,2,2,2,3.25,0.2857142857142857
43,0,2,1,15,3,0,47,2,2,7,1,3,0,18,3,1,2,2,2,3.5,0.2857142857142857
34,0,1,2,8,2,1,96,3,2,0,0,3,0,11,3,0,1,4,3,3.0,0.5
23,0,1,2,9,1,0,37,3,1,2,1,1,0,14,3,1,3,0,2,2.75,0.8
39,0,1,0,3,3,1,44,4,2,1,1,9,0,15,3,1,3,3,6,2.25,0.6666666666666666
56,0,1,2,9,3,0,81,3,4,0,1,7,0,11,3,0,7,1,1,3.0,0.3333333333333333
40,0,1,2,2,1,1,86,2,1,6,0,0,1,20,4,0,2,2,3,3.5,0.8
27,0,1,2,7,3,1,55,2,2,0,0,8,0,19,3,0,6,0,7,1.75,0.7777777777777778
29,0,1,1,10,3,0,83,3,1,8,2,1,0,14,3,2,2,2,2,3.25,1.0
53,0,1,2,6,3,0,86,3,2,2,0,2,0,17,3,0,2,2,2,3.75,0.1052631578947368
35,0,0,2,2,4,1,61,3,2,0,2,2,0,11,3,1,0,0,0,2.5,0.0625
32,0,2,2,24,4,0,80,3,2,2,1,1,0,15,3,2,8,4,7,3.0,1.0
38,0,1,2,2,5,0,92,3,1,6,1,6,1,13,3,1,0,0,1,2.5,0.1666666666666666
34,0,1,2,8,5,1,32,3,2,4,2,3,0,14,3,1,0,0,0,2.25,0.0
52,0,1,1,3,4,0,31,2,4,3,1,1,0,11,3,0,6,1,16,2.25,1.0
33,1,1,2,1,4,0,63,3,1,6,0,1,1,13,3,0,9,7,8,3.25,1.0
25,0,1,1,26,1,1,32,3,2,7,0,1,0,23,4,0,5,1,4,2.75,1.0
45,0,1,1,2,2,0,46,1,2,8,0,0,0,13,3,0,7,3,1,2.25,0.8888888888888888
23,0,1,2,10,1,0,79,4,1,6,0,1,0,18,3,0,2,0,2,2.75,1.0
47,1,2,1,27,2,1,77,4,2,7,0,4,1,12,3,0,4,1,3,3.0,0.625
34,0,1,1,2,3,0,60,3,2,7,0,1,0,22,4,0,5,1,4,3.5,1.0
55,1,1,2,2,3,0,78,3,5,3,1,5,1,13,3,1,2,1,4,3.0,0.2083333333333333
36,0,0,1,8,4,0,76,2,3,7,0,1,0,15,3,0,7,0,9,1.75,1.0
52,0,0,2,19,4,0,41,3,1,6,1,0,0,18,3,1,3,1,2,3.0,0.8
26,0,2,2,1,2,1,71,1,1,2,2,3,0,14,3,1,2,2,0,2.25,0.4
29,0,1,2,27,3,1,66,3,2,0,1,4,0,12,3,1,7,1,1,2.0,0.7272727272727273
26,1,1,1,8,3,0,38,2,2,7,0,6,0,17,3,0,3,1,2,2.5,0.6666666666666666
34,0,1,2,1,4,1,72,4,1,6,0,2,0,16,3,0,2,1,3,3.0,0.4
54,0,1,2,19,4,1,95,3,2,4,2,9,1,11,3,2,3,1,4,2.5,0.5555555555555556
27,0,2,1,8,1,0,84,3,2,7,1,0,0,19,3,1,2,1,1,3.0,0.8
37,0,1,2,10,1,1,82,3,1,6,2,0,1,13,3,2,3,4,3,2.25,0.8333333333333334
38,0,2,2,2,4,1,75,4,2,4,0,6,1,12,3,0,7,4,12,2.25,0.8823529411764706
34,0,1,2,2,4,1,86,2,1,6,0,1,0,11,3,0,5,1,3,2.5,1.0
35,0,1,1,8,4,1,72,3,1,8,1,1,0,16,3,1,2,0,2,2.25,1.0
30,0,1,2,1,3,0,38,1,1,2,1,3,0,21,4,2,2,0,2,3.25,0.2857142857142857
40,0,2,2,2,2,1,38,4,2,0,1,1,0,24,4,1,7,3,7,3.0,1.0
34,0,1,1,8,2,1,93,3,2,7,1,5,0,17,3,1,2,1,2,2.25,0.5
42,0,2,2,8,3,0,66,3,5,3,2,1,0,13,3,1,7,14,9,2.5,1.0
23,1,1,2,6,3,0,63,4,1,2,1,1,1,21,4,2,0,0,0,2.5,0.0
24,0,0,2,9,3,0,60,2,1,2,2,1,0,11,3,3,0,0,0,2.75,1.0
52,0,1,2,11,4,1,82,3,2,2,1,8,0,20,4,1,2,1,4,3.0,0.5555555555555556
50,0,1,2,2,3,0,64,3,4,5,1,5,0,16,3,0,3,0,3,3.25,0.1333333333333333
29,1,1,2,1,2,1,36,2,1,2,1,1,1,11,3,1,0,0,0,2.5,1.0
33,0,1,2,7,3,0,49,3,3,5,1,0,0,11,3,0,9,3,7,3.5,0.9285714285714286
33,1,1,1,16,3,1,69,3,2,7,0,5,0,15,3,0,2,0,2,2.0,0.5
47,0,1,2,2,2,1,33,3,4,3,1,1,1,11,3,1,14,3,0,3.0,1.0
36,0,1,2,1,3,1,35,3,2,4,1,0,0,15,3,1,7,0,5,2.25,0.9
29,0,1,2,23,2,0,81,4,1,6,1,1,0,24,4,1,7,0,7,3.0,1.0
58,1,1,2,2,4,0,31,3,5,5,0,7,1,12,3,0,15,13,8,3.25,0.775
35,0,1,2,1,4,1,40,4,1,6,0,3,0,13,3,0,2,2,2,3.25,0.2857142857142857
42,0,1,2,1,2,1,43,2,2,4,1,9,1,13,3,1,3,0,2,3.75,0.5
28,1,1,2,2,4,0,46,3,1,6,0,6,0,17,3,0,2,2,1,3.0,0.4
36,0,1,0,13,3,0,36,3,1,1,1,4,0,13,3,1,2,0,4,2.5,0.625
32,0,1,2,4,3,1,98,2,2,4,1,1,0,12,3,1,13,6,8,3.0,1.0
40,0,2,2,16,4,0,51,2,2,2,0,6,0,14,3,0,0,0,0,2.75,0.1
30,0,1,2,2,3,1,52,2,2,4,0,5,1,24,4,0,0,0,0,2.75,0.0
45,0,1,2,2,3,1,95,2,1,6,0,1,0,14,3,0,0,0,0,3.0,1.0
42,0,1,2,29,3,0,98,3,2,4,1,1,0,13,3,1,8,7,8,2.5,0.9
38,0,2,2,12,3,0,45,2,2,0,2,2,0,15,3,1,3,1,2,1.75,0.3076923076923077
34,0,2,2,16,4,1,100,2,1,6,0,1,0,16,3,0,2,1,3,3.25,0.8333333333333334
49,1,1,1,11,3,1,43,3,3,7,1,1,0,18,3,2,8,7,7,3.0,1.0
55,1,1,1,2,1,0,37,3,2,7,0,4,0,16,3,0,7,7,3,3.0,0.75
43,0,1,2,14,2,0,94,3,4,5,1,6,0,24,4,1,1,1,0,2.25,0.1818181818181818
27,0,1,2,5,1,0,42,2,3,5,2,1,1,16,3,1,8,0,8,3.0,1.0
35,0,1,2,7,3,0,59,3,3,4,0,3,0,21,4,0,5,1,6,3.0,0.4705882352941176
28,0,1,1,2,4,1,81,3,2,7,1,1,1,20,4,0,7,7,5,2.0,1.0
34,0,1,0,3,2,0,88,3,1,1,1,0,0,19,3,1,2,0,2,2.75,0.75
26,1,2,2,5,2,1,88,2,1,6,1,1,1,14,3,1,7,1,7,2.5,1.0
27,0,0,2,3,3,0,50,3,1,6,1,1,0,11,3,3,0,0,0,3.25,0.0
51,0,1,1,26,4,1,66,3,4,3,1,2,0,14,3,1,6,4,17,2.25,0.6896551724137931
44,0,1,2,4,3,0,50,3,2,0,0,9,0,12,3,0,2,2,3,3.0,0.5
25,0,1,2,2,1,0,65,4,1,6,0,7,0,13,3,0,3,0,1,1.75,0.6666666666666666
33,0,1,1,1,3,0,48,4,2,7,2,1,0,22,4,1,8,0,8,1.5,1.0
35,0,1,2,27,1,1,53,2,1,6,0,1,0,11,3,0,5,1,1,2.5,1.0
36,0,1,1,1,2,0,56,3,2,7,1,1,1,14,3,1,14,4,11,3.0,1.0
32,0,1,1,13,4,0,73,3,2,7,2,2,0,11,3,1,2,0,3,2.75,0.625
30,0,2,2,5,4,0,75,2,1,6,2,9,0,12,3,1,4,0,3,2.5,0.5
53,0,1,1,7,2,1,78,2,3,7,1,7,1,18,3,1,2,0,4,3.0,0.1428571428571428
45,0,1,1,9,3,0,74,3,3,7,2,4,1,12,3,1,4,0,2,2.75,0.2777777777777778
32,0,1,2,8,2,1,91,4,2,6,1,5,0,12,3,1,3,1,3,2.75,0.5555555555555556
52,0,2,2,25,4,1,81,2,4,4,1,3,0,22,4,0,8,0,0,3.25,0.2903225806451613
37,0,1,1,16,4,0,66,2,2,7,2,4,0,19,3,2,0,0,0,3.5,0.1111111111111111
28,0,1,0,8,2,0,63,2,1,1,2,1,0,13,3,1,1,0,4,3.25,0.8333333333333334
22,0,1,2,1,2,0,33,2,2,4,1,6,0,22,4,2,2,2,2,2.5,0.5
44,0,1,2,8,4,0,62,4,1,2,1,2,1,24,4,1,2,0,2,2.5,0.3
42,0,2,2,2,1,0,35,3,1,6,0,5,1,14,3,0,1,2,2,3.25,0.25
36,0,1,0,8,3,0,77,2,1,1,1,0,0,21,4,0,4,0,3,2.0,0.8333333333333334
25,0,1,1,3,1,0,98,3,2,7,1,1,1,18,3,0,3,0,3,2.75,1.0
35,0,1,2,9,3,1,66,2,3,4,1,1,1,20,4,1,14,5,15,3.0,1.0
35,1,2,2,25,4,1,96,3,1,6,2,1,1,19,3,1,2,7,8,2.25,1.0
32,0,0,2,1,3,0,61,3,1,2,2,0,0,12,3,1,0,0,2,3.25,0.75
25,0,1,1,4,1,0,87,2,2,7,1,1,0,12,3,0,2,0,3,2.25,1.0
49,0,1,2,1,3,1,36,3,1,6,1,2,0,16,3,1,2,0,2,2.25,0.5714285714285714
24,0,0,2,4,1,0,46,2,1,2,1,0,0,17,3,0,2,3,4,2.75,0.8333333333333334
32,0,2,1,5,2,0,48,3,2,7,1,1,0,14,3,1,8,5,3,2.75,1.0
38,0,1,1,9,3,0,98,2,1,8,1,0,0,19,3,1,2,1,2,2.75,0.6666666666666666
42,0,1,2,3,3,1,95,4,2,2,1,2,1,13,3,1,3,1,3,2.75,0.2941176470588235
31,0,1,2,11,4,0,48,3,1,6,1,3,1,19,3,1,4,0,2,3.25,0.75
29,1,1,1,1,3,1,48,2,1,8,2,6,1,19,3,3,2,0,2,2.75,0.6
53,0,1,1,8,3,0,73,3,4,7,1,5,0,14,3,1,0,2,2,2.75,0.0714285714285714
35,0,1,2,25,3,0,78,2,3,4,1,3,0,16,3,0,10,4,8,2.5,0.8125
37,0,2,1,21,2,1,54,3,1,8,1,5,0,15,3,1,4,0,0,3.0,0.5
53,0,1,2,23,4,1,72,3,4,5,0,6,0,18,3,0,9,3,8,3.5,0.3636363636363636
43,0,2,2,1,3,1,33,3,2,0,1,4,0,13,3,1,2,2,2,3.0,0.4166666666666667
47,0,1,1,2,2,1,35,3,2,7,1,0,1,22,4,1,6,7,7,2.75,0.875
37,0,0,1,19,2,0,32,3,3,7,0,1,1,13,3,0,0,0,9,2.5,1.0
50,0,0,2,2,4,0,98,3,4,3,2,1,0,11,3,1,6,14,7,2.25,1.0
39,0,1,0,2,3,1,42,2,2,1,1,8,0,11,3,2,4,0,4,3.5,0.3846153846153846
33,0,1,0,3,2,0,57,3,1,1,2,3,1,11,3,1,3,0,3,3.25,0.5714285714285714
32,1,1,2,25,4,0,87,3,1,2,0,1,1,24,4,0,0,0,1,2.25,1.0
29,0,1,2,7,1,1,62,2,1,2,2,6,0,14,3,3,3,0,3,2.75,0.5
44,0,1,2,9,2,0,61,3,1,6,1,1,1,13,3,0,7,7,1,2.5,1.0
28,0,1,1,5,4,0,98,3,2,7,0,1,0,14,3,0,2,0,2,2.5,1.0
58,1,2,2,2,1,0,57,2,1,2,2,9,1,14,3,1,0,0,0,3.5,0.3333333333333333
43,0,1,2,8,3,1,55,3,2,4,2,4,0,21,4,1,0,0,0,2.5,0.25
20,1,1,1,2,3,1,49,2,1,8,0,1,0,13,3,0,2,0,2,3.0,1.0
21,1,1,2,18,1,1,65,3,1,6,0,1,0,19,3,0,0,0,0,2.75,1.0
36,0,1,2,14,1,0,68,3,2,0,1,0,1,17,3,1,8,4,11,2.5,0.9411764705882352
47,0,1,1,2,4,1,65,2,1,8,0,1,1,18,3,0,2,1,2,2.75,1.0
22,1,1,2,3,1,1,34,3,2,4,1,0,1,19,3,1,2,0,2,2.5,0.75
41,1,1,2,2,4,1,57,1,1,2,2,4,1,13,3,1,7,1,0,2.75,0.7
28,0,1,2,9,3,1,77,3,1,6,2,5,0,18,3,1,2,2,2,2.75,0.3333333333333333
39,1,1,2,6,3,0,70,3,1,2,1,7,1,21,4,0,2,2,2,2.5,0.25
27,0,1,2,4,3,1,76,3,1,6,0,1,0,19,3,0,1,0,0,2.75,1.0
34,0,1,2,10,3,0,83,3,1,2,2,1,0,14,3,2,0,1,0,2.25,1.0
42,0,1,1,14,2,1,68,2,2,7,0,7,0,17,3,0,4,0,3,2.5,0.5
33,0,1,2,1,4,0,100,2,1,6,0,3,1,11,3,0,2,0,2,2.25,0.5
58,0,1,2,5,3,1,37,2,3,0,2,2,1,13,3,1,0,0,4,3.0,0.25
31,0,1,1,7,4,0,41,2,1,8,1,3,0,15,3,0,7,5,2,2.75,0.5384615384615384
35,0,1,2,21,1,1,51,3,2,0,1,1,1,25,4,1,6,0,7,3.25,1.0
49,0,1,2,8,2,1,51,3,3,2,1,4,0,11,3,1,9,1,7,2.0,0.896551724137931
48,0,1,2,20,4,0,51,3,1,6,1,4,0,17,3,2,0,0,0,2.5,0.0
31,0,0,1,20,2,1,45,3,2,7,1,1,0,13,3,1,8,0,0,3.25,1.0
36,0,1,2,7,4,0,65,3,1,6,0,2,0,18,3,0,2,0,1,3.0,0.75
38,0,1,2,1,3,1,80,3,3,5,1,1,0,13,3,1,12,5,11,2.5,1.0
32,0,0,2,1,3,1,70,2,1,2,1,6,0,20,4,0,0,0,2,2.75,0.6
25,1,1,1,19,2,0,36,2,1,8,1,1,1,18,3,3,0,0,0,2.75,1.0
40,0,1,1,10,4,0,67,2,3,7,2,2,0,12,3,1,0,0,0,1.75,0.0909090909090909
26,0,2,1,1,3,0,52,2,2,7,0,1,0,12,3,0,7,0,7,2.25,1.0
41,0,1,2,6,3,0,59,3,1,2,0,2,1,13,3,0,13,2,17,2.75,0.9
36,0,1,2,2,4,0,79,3,1,2,0,4,0,21,4,0,8,3,9,3.0,0.6875
19,1,1,1,21,3,0,37,2,1,8,0,1,1,13,3,0,0,0,0,3.0,1.0
20,1,1,2,4,3,0,84,3,1,2,0,1,0,19,3,0,0,0,0,1.75,1.0
31,0,1,2,12,3,1,41,3,2,0,1,0,1,11,3,2,7,8,5,3.0,0.9
40,0,2,2,9,4,0,35,3,1,6,2,8,1,14,3,1,1,0,0,3.25,0.3333333333333333
32,0,1,2,3,4,1,93,3,2,4,1,1,0,12,3,1,7,6,3,2.75,1.0
36,1,1,1,3,1,0,51,2,3,7,1,1,1,11,3,1,7,3,7,2.75,1.0
33,0,1,2,1,3,1,42,2,2,0,0,0,0,14,3,0,0,1,4,2.5,0.8333333333333334
37,1,1,1,1,4,0,46,2,3,7,1,5,0,11,3,0,1,11,7,2.0,0.8235294117647058
45,0,0,2,4,2,0,57,3,2,2,1,1,0,12,3,0,7,0,8,2.25,1.0
29,0,2,1,20,3,1,84,3,1,8,1,1,0,15,3,1,1,0,2,3.0,1.0
35,0,1,1,18,3,1,86,3,2,7,1,1,0,16,3,0,2,1,0,2.75,1.0
52,0,1,2,1,2,0,70,3,4,3,1,2,0,15,3,1,8,7,8,3.0,0.3461538461538461
58,1,1,2,2,3,0,51,3,1,6,0,4,0,24,4,0,0,0,0,2.75,0.1428571428571428
53,0,1,1,2,2,0,45,3,4,3,2,6,0,13,3,1,13,15,2,3.25,0.7727272727272727
30,0,1,1,8,2,0,62,3,3,7,2,5,0,11,3,1,4,7,7,2.75,0.8
38,0,0,1,10,3,1,85,3,2,7,0,1,1,13,3,0,3,1,3,3.0,0.8333333333333334
35,0,1,1,3,4,0,92,3,3,7,2,6,0,13,3,1,9,0,8,3.25,0.8333333333333334
39,0,1,1,2,5,0,41,4,3,7,0,0,0,18,3,0,7,0,7,2.75,0.8888888888888888
40,1,0,1,24,3,1,100,4,4,7,0,4,1,16,3,0,0,0,0,2.5,0.0454545454545454
47,0,2,2,16,4,0,64,4,2,4,2,1,1,19,3,0,10,2,7,3.25,0.95
36,0,0,1,8,4,0,84,3,2,7,2,4,0,13,3,2,7,0,7,3.0,0.5833333333333334
31,1,0,2,9,2,0,46,2,1,6,0,0,1,22,4,0,2,1,2,2.0,0.75
33,0,0,1,17,3,0,38,3,4,3,0,1,0,11,3,0,8,6,0,3.5,1.0
29,1,1,2,10,3,1,92,2,1,6,0,6,1,20,4,0,0,0,0,2.75,0.0
33,0,1,2,13,1,1,53,3,1,6,0,3,0,18,3,0,2,0,2,2.5,0.6
45,0,1,2,1,4,1,91,3,1,2,2,3,0,14,3,2,3,0,2,3.75,0.625
50,0,1,2,1,2,0,66,3,4,5,2,9,0,22,4,1,4,1,3,3.25,0.15625
33,0,2,2,1,4,1,84,4,2,0,1,1,1,13,3,1,5,1,2,2.25,1.0
41,0,2,2,9,3,0,64,3,5,5,2,2,0,17,3,1,16,0,11,2.5,0.8571428571428571
27,0,1,2,16,4,1,37,3,1,2,1,9,0,14,3,1,2,2,2,2.5,0.5
45,0,0,2,23,2,0,42,3,2,2,1,1,1,15,3,1,8,0,8,2.75,1.0
47,0,1,1,4,2,1,83,3,2,7,0,1,1,17,3,0,0,0,7,3.5,1.0
30,1,1,2,22,3,1,48,3,1,6,1,4,1,11,3,0,2,0,1,2.25,0.7142857142857143
50,0,1,2,24,3,0,95,3,4,4,1,3,1,18,3,1,11,1,5,3.5,0.5454545454545454
38,0,2,2,10,1,0,66,3,1,6,1,0,0,17,3,1,1,0,2,2.5,0.6666666666666666
46,0,1,2,7,2,0,75,3,3,4,2,6,0,13,3,1,7,0,7,3.0,0.6153846153846154
24,0,1,2,17,1,1,41,2,2,4,2,1,0,15,3,2,2,3,2,3.0,0.8
35,1,1,2,14,4,0,39,2,1,2,2,1,1,24,4,1,2,0,2,2.5,0.8
31,0,2,2,1,1,1,96,3,2,4,1,1,0,12,3,1,3,0,3,2.5,1.0
18,0,0,2,5,2,0,73,3,1,6,0,1,0,15,3,0,0,0,0,3.25,0.0
54,0,1,2,17,3,1,56,3,3,4,1,8,0,11,3,1,7,0,8,3.0,0.4545454545454545
35,0,1,2,25,4,1,57,3,3,0,2,1,1,11,3,1,10,10,1,2.75,1.0
30,0,1,2,8,2,1,73,4,3,5,1,0,1,12,3,3,7,1,7,2.0,0.8888888888888888
20,1,1,2,11,3,1,98,2,1,6,0,1,1,15,3,0,0,0,0,2.25,1.0
30,1,2,2,5,3,1,60,3,1,2,0,0,0,17,3,0,2,1,2,2.0,0.75
26,0,1,2,2,2,0,32,4,2,4,1,1,0,12,3,0,7,1,3,3.25,1.0
22,0,1,2,8,1,0,94,1,1,2,1,1,0,15,3,1,3,1,1,1.5,1.0
48,0,1,2,6,3,0,97,2,2,0,0,2,0,13,3,0,2,2,2,2.75,0.1052631578947368
48,0,1,2,4,4,0,78,2,3,0,0,7,0,14,3,0,11,4,8,2.75,0.5555555555555556
41,0,1,2,7,2,1,42,3,2,4,0,6,0,14,3,0,2,2,1,3.0,0.25
39,0,1,2,1,1,1,65,2,4,4,1,1,0,16,3,1,6,11,8,3.5,1.0
27,0,1,2,2,4,1,47,3,2,4,1,0,0,18,3,1,2,2,2,2.5,0.75
35,0,1,2,10,3,0,45,3,1,2,2,1,0,20,4,1,2,1,2,2.25,1.0
42,0,1,1,5,2,0,90,3,5,3,1,6,0,13,3,0,0,0,0,3.25,0.0476190476190476
50,0,1,2,9,3,0,64,3,1,2,1,4,0,18,3,0,0,0,0,2.5,0.125
59,0,1,2,2,3,1,69,2,4,4,0,3,1,13,3,0,3,4,3,2.75,0.1666666666666666
37,1,1,2,11,2,1,61,1,2,0,1,5,0,15,3,0,0,0,0,1.25,0.0666666666666666
55,0,2,2,18,4,0,62,3,2,0,1,3,1,14,3,2,7,6,7,3.0,0.4705882352941176
41,0,0,2,7,1,1,55,1,5,5,2,1,0,22,4,2,16,5,10,2.5,1.0
38,0,1,1,3,4,0,42,3,2,7,0,8,1,12,3,0,0,0,0,3.0,0.0526315789473684
26,1,0,1,29,2,0,79,1,2,7,0,8,0,18,3,0,2,2,2,2.5,0.2857142857142857
52,1,1,1,2,1,1,57,1,5,3,1,1,0,15,3,1,14,6,9,3.0,0.9696969696969696
44,0,1,1,28,3,1,53,4,4,7,1,3,1,18,3,1,11,11,11,3.5,0.5217391304347826
50,0,0,1,1,3,1,95,3,2,7,1,0,0,12,3,1,7,0,13,2.75,0.9473684210526316
36,1,1,2,16,4,1,43,4,1,2,0,1,0,16,3,0,13,15,14,2.5,0.9444444444444444
39,0,2,2,22,3,1,82,3,3,4,0,1,1,13,3,0,6,2,8,2.75,1.0
33,0,0,1,8,1,1,88,2,1,8,0,0,0,19,3,0,2,2,2,3.0,0.6666666666666666
45,0,1,1,11,2,1,90,3,4,3,1,3,0,13,3,1,3,1,1,3.5,0.3461538461538461
32,0,0,2,29,4,1,69,3,1,2,0,9,0,12,3,0,7,7,7,3.0,0.8
34,0,1,1,1,4,0,75,4,2,7,2,0,0,11,3,1,1,0,9,3.0,0.9375
59,0,1,1,1,2,0,66,3,3,3,1,3,1,14,3,1,4,0,4,2.5,0.4285714285714285
45,0,1,0,24,4,0,36,3,1,1,0,1,0,16,3,0,3,0,4,2.0,1.0
53,0,2,1,2,3,1,38,2,3,7,1,2,0,12,3,1,7,6,12,2.25,0.5
36,1,1,2,15,3,0,81,3,2,2,2,7,0,14,3,1,0,0,0,2.0,0.1111111111111111
26,1,2,2,2,3,0,57,3,1,6,1,6,1,14,3,1,2,1,2,1.75,0.5
34,0,1,1,10,4,1,87,3,1,8,1,1,1,19,3,1,1,0,0,3.25,1.0
28,0,1,1,10,1,0,74,3,1,8,1,1,0,22,4,0,0,0,0,2.75,1.0
38,0,2,2,3,4,0,44,3,1,6,1,3,0,16,3,1,2,2,2,2.5,0.25
50,0,1,2,2,4,0,62,3,5,5,1,2,1,11,3,1,1,7,7,2.75,0.2758620689655172
37,0,1,2,3,3,1,35,3,2,0,0,3,0,15,3,0,3,0,1,2.25,0.5
40,0,1,1,26,3,0,74,3,2,7,1,1,0,14,3,1,7,7,5,2.0,0.875
26,0,2,2,1,1,1,66,2,1,6,2,1,0,13,3,2,3,1,3,2.5,1.0
46,0,1,2,1,4,0,40,3,5,5,2,9,0,17,3,2,2,2,2,3.75,0.0869565217391304
54,0,1,1,2,4,1,41,2,3,7,1,6,0,11,3,1,4,7,0,2.75,0.6923076923076923
56,0,2,2,9,3,1,63,3,1,6,1,2,0,19,3,1,4,0,3,2.25,0.2777777777777778
36,0,1,2,12,5,1,51,2,3,4,0,0,0,11,3,0,8,7,8,3.0,0.9333333333333332
55,0,0,2,2,1,0,40,2,4,3,0,7,0,15,3,0,7,6,2,2.5,0.2903225806451613
43,0,1,1,25,3,0,79,2,3,7,2,5,0,13,3,1,0,0,0,3.25,0.0555555555555555
20,1,2,1,9,3,1,54,3,1,8,0,1,1,14,3,0,2,0,2,3.25,1.0
21,1,1,2,10,3,1,36,2,1,2,0,1,0,13,3,0,0,1,0,1.75,1.0
46,0,1,2,8,4,1,74,2,2,6,2,8,1,23,4,3,13,1,7,2.25,0.8421052631578947
51,1,1,2,4,4,0,34,3,1,6,1,9,1,12,3,3,0,2,7,2.75,0.5555555555555556
28,1,0,2,24,2,0,72,2,3,0,0,1,0,12,3,0,7,1,9,1.5,1.0
26,0,1,2,1,2,0,59,2,1,2,1,1,0,16,3,2,3,1,3,1.5,0.8333333333333334
30,0,1,2,20,3,0,85,3,2,4,1,0,0,15,3,1,2,0,2,2.25,0.8571428571428571
41,0,1,2,7,2,1,43,4,1,6,1,1,0,13,3,0,6,0,8,2.75,1.0
38,0,1,2,17,1,1,65,2,3,0,1,0,0,18,3,1,9,1,9,2.25,0.95
40,0,1,2,20,4,0,61,3,3,0,1,4,0,20,4,1,10,11,1,3.0,0.7857142857142857
27,0,0,2,8,5,0,87,1,1,2,1,1,0,19,3,3,2,1,2,2.75,1.0
55,0,2,2,2,1,0,65,3,3,4,1,3,0,18,3,1,2,1,2,2.75,0.1304347826086956
28,0,1,2,10,3,1,59,3,2,6,0,3,0,13,3,0,7,1,7,3.5,0.8
44,1,1,0,1,2,0,91,2,3,1,1,9,0,14,3,1,6,3,6,2.5,0.8333333333333334
33,0,1,2,5,3,0,34,2,3,0,2,4,0,15,3,1,2,1,2,3.5,0.3333333333333333
35,1,1,1,4,3,0,86,3,3,7,0,0,1,22,4,0,7,4,7,2.25,0.8888888888888888
33,1,2,2,29,4,1,54,2,2,6,0,1,0,22,4,0,7,3,8,2.25,0.9285714285714286
28,0,1,2,15,2,0,50,3,1,2,2,1,0,16,3,1,2,2,2,2.5,1.0
34,0,2,2,3,1,0,45,3,2,0,0,0,0,17,3,0,2,0,4,2.5,0.8571428571428571
37,0,1,1,10,4,1,88,2,2,7,2,2,1,14,3,3,0,0,0,3.5,0.125
25,1,1,2,4,1,0,32,3,1,2,1,1,1,15,3,1,7,5,6,3.5,1.0
26,1,1,2,21,3,0,37,3,1,2,2,1,0,20,4,1,1,0,0,2.25,1.0
33,1,1,2,25,3,0,55,2,1,6,0,4,1,20,4,0,2,2,2,2.0,0.4
42,0,1,2,2,2,0,35,3,4,3,1,0,0,17,3,1,6,13,7,3.0,0.9565217391304348
28,1,2,2,1,3,0,45,2,1,2,2,1,0,15,3,2,0,0,0,1.75,1.0
50,1,2,1,1,4,0,81,3,2,7,0,3,1,14,3,0,0,0,0,3.5,0.0
33,0,2,1,7,3,1,30,3,2,7,1,0,0,17,3,1,2,0,2,3.0,0.75
34,0,0,2,3,4,0,40,2,1,6,1,3,0,17,3,3,0,0,0,3.5,0.0
48,0,0,2,1,4,0,35,4,4,3,0,2,0,22,4,0,4,2,1,2.5,0.1851851851851851
45,0,0,1,9,4,1,65,2,2,7,1,1,0,13,3,1,10,4,12,3.0,1.0
52,0,1,2,7,4,0,87,3,3,0,0,7,0,19,3,0,6,4,0,2.75,0.4444444444444444
38,0,1,1,10,4,0,73,2,3,7,2,0,1,14,3,2,7,2,7,2.75,0.8888888888888888
29,0,1,2,28,4,1,93,3,1,6,2,4,0,22,4,1,5,1,7,2.75,0.6363636363636364
28,0,1,2,3,3,1,93,3,3,4,2,0,0,17,3,3,7,1,7,2.5,0.9
46,0,1,1,3,1,0,52,3,4,3,1,3,0,12,3,1,9,4,9,2.75,0.5217391304347826
38,0,1,1,2,2,0,32,3,3,7,0,7,0,16,3,0,0,0,0,3.0,0.1
43,0,2,2,27,3,1,83,3,3,4,1,8,0,11,3,1,7,0,1,2.5,0.4444444444444444
39,1,2,2,2,3,0,84,3,4,0,2,7,0,11,3,3,7,11,5,3.0,0.8571428571428571
40,0,1,2,14,3,0,44,2,5,5,0,1,0,14,3,0,7,4,9,2.75,0.9523809523809524
21,0,1,2,1,1,1,70,2,1,6,0,1,1,11,3,0,2,2,2,3.25,1.0
39,0,0,2,9,3,0,70,3,2,2,0,9,0,15,3,0,4,0,3,2.5,0.5555555555555556
36,0,0,2,18,4,0,78,3,2,4,0,2,0,20,4,0,9,0,9,2.25,0.6111111111111112
31,0,2,1,20,3,0,67,4,1,8,1,0,0,12,3,1,2,2,2,2.75,0.6666666666666666
28,0,1,2,2,1,0,67,2,1,6,1,0,0,17,3,0,3,0,4,1.25,0.8333333333333334
35,0,2,1,11,2,0,54,3,2,7,2,1,0,11,3,1,2,0,2,3.75,1.0
49,0,1,1,8,4,0,56,2,4,7,1,6,0,17,3,1,8,2,3,2.75,0.4090909090909091
34,0,2,2,2,2,0,95,3,2,4,0,2,0,11,3,0,2,0,2,3.25,0.6
29,0,2,2,10,3,1,61,3,1,6,2,0,0,14,3,2,5,1,1,3.0,0.875
42,0,1,2,29,3,0,56,1,2,2,0,4,0,19,3,0,0,0,0,2.5,0.0625
29,0,1,2,8,1,0,79,2,2,4,1,1,1,15,3,1,7,1,2,2.75,1.0
38,0,1,0,1,3,0,37,4,1,1,1,1,0,13,3,1,6,5,0,3.5,1.0
28,0,2,2,6,3,0,39,2,1,6,2,1,1,14,3,1,1,0,2,3.25,1.0
18,1,0,2,8,1,0,80,3,1,2,0,1,0,12,3,0,0,0,0,3.25,0.0
33,1,1,1,9,4,1,77,3,2,7,0,0,1,17,3,0,2,0,3,1.5,0.8333333333333334
41,0,1,2,12,4,0,46,3,1,2,1,3,1,11,3,1,0,0,0,2.5,0.1666666666666666
31,1,2,2,15,3,0,72,3,1,2,1,1,0,12,3,1,2,2,2,2.75,1.0
37,0,1,2,25,2,1,52,2,2,0,2,7,0,13,3,2,2,1,3,3.25,0.6666666666666666
27,0,1,2,6,3,0,55,2,1,6,1,1,0,13,3,1,2,2,2,3.25,1.0
34,0,1,1,9,1,1,70,3,2,7,1,1,0,20,4,0,5,1,3,2.0,1.0
35,0,1,0,8,4,0,100,3,1,1,0,1,0,17,3,0,4,1,4,2.25,0.8333333333333334
29,1,1,1,23,1,1,45,2,3,7,1,1,0,13,3,1,8,3,10,1.75,1.0
40,0,2,2,9,4,1,88,3,3,5,0,9,0,17,3,0,7,2,13,2.5,0.9
42,1,2,1,12,3,0,44,3,4,7,0,0,1,12,3,0,9,13,14,2.0,0.9545454545454546
42,0,1,1,4,4,0,45,3,2,7,0,7,0,13,3,0,4,1,5,2.75,0.6666666666666666
35,0,1,2,1,4,0,58,2,1,2,1,6,0,12,3,1,0,1,7,3.0,0.8
24,0,1,2,24,3,0,49,3,1,2,0,8,0,22,4,0,3,1,2,3.25,0.6666666666666666
28,1,1,2,12,1,1,79,3,1,2,1,1,1,11,3,0,1,0,0,3.25,1.0
26,0,1,2,3,4,0,82,4,1,2,1,1,0,22,4,1,7,0,7,2.5,1.0
30,0,1,1,10,3,0,72,2,2,7,1,1,0,18,3,1,3,1,4,2.5,1.0
40,0,2,2,26,2,1,92,2,2,6,1,3,1,13,3,1,1,0,0,3.0,0.0625
35,0,1,2,2,3,0,44,2,3,4,2,2,0,18,3,1,7,6,4,2.75,0.4666666666666667
34,0,2,2,1,3,0,97,2,2,0,0,0,0,20,4,0,9,4,9,2.75,0.9285714285714286
35,0,2,2,4,4,0,47,2,1,2,1,1,0,13,3,1,2,2,2,3.5,1.0
43,1,1,1,9,3,1,85,1,2,7,0,8,0,13,3,0,3,1,3,2.0,0.5714285714285714
32,0,0,1,2,1,1,76,3,1,8,2,1,0,12,3,3,0,0,0,2.5,1.0
56,0,1,2,4,4,1,92,3,5,3,2,4,0,13,3,1,2,4,2,3.0,0.1785714285714285
29,0,1,2,6,1,1,54,3,1,2,1,1,0,13,3,1,8,0,8,2.5,1.0
19,0,1,2,9,2,0,54,3,1,6,0,1,0,25,4,0,1,0,0,2.5,1.0
45,0,1,2,7,3,1,83,3,1,6,1,4,1,19,3,1,2,0,2,2.25,0.4285714285714285
37,0,1,2,1,3,1,56,2,2,4,1,1,0,13,3,1,8,3,11,3.0,1.0
20,0,1,2,3,3,0,87,2,1,2,0,1,0,12,3,0,2,1,2,1.75,1.0
44,1,1,2,10,4,0,96,3,1,6,0,1,1,11,3,0,4,0,2,3.0,1.0
53,0,1,2,7,2,1,50,3,5,3,2,3,0,18,3,1,7,4,7,3.0,0.2692307692307692
29,0,1,2,15,1,1,69,1,1,6,1,0,1,18,3,1,4,1,3,2.25,0.8333333333333334
22,1,2,2,3,4,0,48,2,1,6,1,0,1,11,3,1,0,0,0,3.0,0.0
46,0,1,1,2,3,1,69,3,4,3,1,8,0,23,4,0,15,15,9,2.0,0.9285714285714286
44,0,0,2,17,3,0,74,1,1,6,0,2,0,13,3,0,0,0,0,3.5,0.0
33,0,1,0,2,3,0,99,3,1,1,1,1,0,13,3,1,4,1,4,3.0,1.0
41,1,0,2,5,2,0,95,2,1,6,2,6,0,17,3,1,0,0,0,1.0,0.2
30,0,1,1,29,4,0,61,3,2,7,2,8,0,19,3,3,3,0,3,2.5,0.5
40,0,2,1,2,4,0,62,3,2,7,1,5,0,12,3,3,0,0,0,2.75,0.0
50,0,2,2,2,3,1,30,3,4,3,1,2,0,22,4,1,2,2,2,2.75,0.0625
28,0,1,2,19,4,0,78,2,1,2,1,1,0,12,3,3,5,3,3,2.75,1.0
46,0,1,2,15,2,0,52,3,5,5,1,5,0,11,3,1,2,0,3,2.5,0.16
35,0,1,1,17,4,0,94,3,2,7,1,3,1,15,3,3,7,1,7,2.75,0.4666666666666667
24,1,1,2,17,2,1,97,3,1,2,1,1,0,13,3,1,0,0,0,2.0,1.0
33,0,2,1,25,3,1,82,3,2,7,1,1,0,12,3,1,7,0,1,2.0,1.0
36,0,1,2,6,4,0,60,1,1,2,2,1,0,14,3,1,7,1,7,3.0,1.0
30,0,1,2,7,4,0,49,3,2,2,2,1,0,13,3,3,7,8,9,2.25,1.0
44,0,1,2,29,4,0,32,3,2,6,0,1,0,25,4,0,11,13,17,3.25,1.0
20,0,1,1,21,3,0,43,4,1,8,0,1,0,17,3,0,1,2,2,3.5,1.0
46,0,1,2,2,4,0,60,3,2,4,2,2,0,11,3,1,3,1,4,3.25,0.5
42,0,0,0,2,5,0,79,4,2,1,1,7,0,16,3,1,3,0,3,2.5,0.4
60,0,1,1,7,4,0,52,4,2,7,2,0,1,18,3,1,7,1,9,2.75,0.9166666666666666
32,0,2,2,13,3,1,77,2,1,2,1,1,0,20,4,1,2,2,2,2.75,1.0
32,0,2,2,2,2,1,38,3,2,6,0,4,1,14,3,0,7,0,7,3.5,0.8
36,0,1,2,1,3,1,77,1,3,4,2,2,1,21,4,1,7,7,7,2.5,0.4117647058823529
33,0,1,2,9,3,0,60,3,1,6,1,0,0,13,3,1,10,4,10,2.5,0.9333333333333332
40,0,1,1,10,3,1,84,2,2,7,2,7,0,12,3,1,1,1,3,2.5,0.7142857142857143
25,0,1,1,10,4,0,57,3,2,7,0,0,0,14,3,0,3,1,1,3.0,0.8
30,0,1,2,1,3,0,63,3,1,6,1,0,1,21,4,1,9,5,7,2.5,0.9166666666666666
42,0,2,2,26,5,1,60,3,3,5,1,3,1,17,3,0,0,0,0,2.0,0.05
35,0,0,1,8,2,1,78,2,3,7,1,4,1,11,3,1,2,4,12,2.75,0.8125
27,0,1,2,14,3,0,42,3,1,6,1,1,1,14,3,2,7,6,8,2.0,1.0
54,0,2,2,1,4,1,53,3,3,4,2,7,0,17,3,1,4,1,4,2.25,0.1515151515151515
44,0,1,2,2,1,1,72,4,1,6,1,1,0,13,3,1,5,7,7,3.0,1.0
19,1,0,2,10,3,1,96,2,1,6,0,1,1,25,4,0,1,0,0,2.25,1.0
29,0,1,2,1,3,1,97,3,1,6,2,1,0,15,3,3,2,1,2,2.25,1.0
54,0,1,2,3,3,0,85,3,4,5,1,3,0,14,3,0,9,0,9,3.0,0.2777777777777778
31,0,1,2,11,2,0,80,3,2,0,1,1,1,12,3,0,5,0,1,2.5,1.0
31,0,1,2,24,3,1,96,2,2,0,0,1,0,19,3,0,9,1,8,2.25,1.0
59,0,1,1,3,3,1,48,2,2,7,0,5,0,17,3,0,1,0,5,3.5,0.4615384615384615
43,0,1,2,3,3,0,96,1,5,5,1,3,0,14,3,1,7,0,7,3.0,0.32
49,0,1,2,4,2,0,85,2,5,3,1,2,0,13,3,1,0,0,0,2.75,0.0434782608695652
36,0,2,2,3,3,0,46,3,1,6,1,1,0,12,3,0,10,0,7,2.5,0.9166666666666666
48,0,1,2,2,2,0,76,4,1,2,0,5,0,11,3,0,0,0,0,2.75,0.1428571428571428
27,0,1,2,4,2,0,76,3,1,6,2,1,0,11,3,3,3,0,3,2.25,1.0
29,0,1,2,7,3,0,82,3,2,0,2,1,1,11,3,2,0,1,0,3.0,1.0
48,0,1,2,1,3,0,76,2,5,5,0,6,0,12,3,0,0,0,0,3.75,0.04
29,0,1,2,1,3,1,87,2,4,5,2,3,0,14,3,2,7,1,7,3.0,0.7777777777777778
34,0,1,2,20,3,1,89,4,1,6,1,0,0,17,3,0,0,0,0,3.0,0.5
44,0,1,1,5,3,0,88,3,5,3,1,7,0,11,3,1,9,3,10,2.5,0.8461538461538461
33,0,1,1,10,5,0,82,4,3,7,2,0,1,14,3,2,8,0,8,3.5,0.9
19,0,1,2,25,3,1,57,4,1,6,0,1,1,12,3,0,0,0,1,3.25,1.0
23,0,1,2,1,2,0,47,3,1,6,1,1,0,22,4,1,0,0,1,3.5,1.0
25,1,2,1,24,1,0,73,1,1,8,0,1,1,14,3,0,0,1,0,3.5,1.0
26,0,1,2,4,2,0,53,3,1,6,0,1,1,20,4,0,5,2,2,2.75,1.0
45,1,1,1,2,3,1,94,1,5,3,0,2,1,16,3,0,10,1,11,1.75,0.9230769230769232
55,0,0,2,8,1,0,37,2,4,0,2,1,1,15,3,1,9,15,0,3.25,0.9705882352941176
21,1,2,2,10,2,1,45,2,1,2,0,1,0,20,4,0,2,2,2,2.0,1.0
46,0,1,1,4,2,1,33,2,5,3,1,2,0,14,3,1,4,0,8,3.0,0.4230769230769231
34,0,1,1,2,3,1,86,3,2,7,0,0,1,12,3,0,2,0,2,2.75,0.75
51,0,2,1,9,3,0,83,3,5,3,2,4,1,24,4,1,10,11,10,2.25,0.935483870967742
59,0,1,2,18,4,0,67,3,3,4,0,6,0,12,3,0,7,5,4,3.5,0.36
34,0,2,2,19,3,1,46,3,2,2,2,4,0,13,3,2,8,5,10,3.0,0.7333333333333333
28,0,2,2,1,4,0,44,3,1,2,0,0,1,11,3,0,2,0,2,3.0,0.8
44,0,1,2,4,2,0,92,4,5,3,2,1,0,14,3,2,9,14,13,2.5,0.9615384615384616
34,0,2,0,11,3,0,56,2,2,1,1,4,0,11,3,2,9,1,8,3.25,0.7142857142857143
35,0,1,2,6,1,0,66,3,1,6,1,0,1,14,3,0,2,2,2,3.25,0.75
42,0,1,2,7,4,1,78,4,2,6,1,6,1,16,3,0,0,0,0,2.75,0.0555555555555555
43,0,1,1,4,4,1,56,2,3,7,0,3,0,14,3,0,7,15,17,4.0,0.9130434782608696
36,0,1,2,2,4,1,53,3,2,4,0,9,1,11,3,0,14,5,12,3.0,0.8888888888888888
44,1,1,2,15,3,1,73,3,3,0,1,1,0,11,3,1,7,0,5,3.0,1.0
28,0,2,2,2,3,0,52,2,1,2,1,1,1,12,3,1,2,2,2,3.25,1.0
51,0,2,2,6,2,1,40,2,1,2,0,0,0,14,3,0,0,7,7,2.25,0.875
30,0,0,2,9,2,1,72,3,2,4,0,7,1,18,3,0,4,1,7,3.0,0.8
29,1,1,2,7,3,1,39,3,1,2,2,3,1,13,3,2,7,7,7,2.25,0.7
28,0,1,2,1,3,0,84,3,1,6,0,2,0,11,3,0,2,1,2,2.25,0.6
25,0,1,2,1,3,1,40,3,1,6,0,1,0,18,3,0,2,2,1,3.0,1.0
32,0,1,1,8,3,0,56,4,2,7,1,1,0,15,3,2,7,0,8,3.5,1.0
45,0,2,2,25,3,1,83,3,5,3,0,3,0,22,4,0,0,0,0,2.5,0.0
39,0,1,2,13,4,1,94,2,4,3,2,6,1,13,3,2,9,15,2,3.0,0.9047619047619048
58,0,1,2,23,4,0,88,3,1,6,2,1,0,12,3,2,2,2,2,2.75,1.0
32,1,1,2,7,2,0,79,3,2,2,1,1,0,18,3,1,4,1,1,2.75,1.0
39,1,1,2,23,3,0,93,3,1,6,0,0,0,13,3,0,2,0,3,2.0,0.8333333333333334
30,0,1,2,6,3,1,48,2,2,2,1,0,0,12,3,1,2,6,7,2.25,0.9
36,0,1,2,10,4,1,63,3,3,0,1,3,0,12,3,0,7,1,7,2.75,0.7
46,0,1,0,1,2,1,44,3,1,1,0,6,0,12,3,0,6,5,7,3.0,0.7
28,0,0,2,1,3,1,55,1,2,2,1,0,0,11,3,3,8,7,5,2.75,0.9
50,0,1,2,28,3,1,43,3,4,5,1,4,1,11,3,0,2,1,2,2.5,0.12
40,1,1,1,25,4,0,57,2,3,7,0,2,1,12,3,0,4,1,0,3.0,0.5555555555555556
52,1,1,1,5,3,0,64,3,3,7,0,9,1,19,3,0,7,7,7,2.25,0.8
30,0,1,2,17,4,1,95,3,3,3,1,1,1,23,4,2,1,0,8,2.5,1.0
39,0,1,2,18,2,0,32,3,2,4,0,0,0,11,3,0,7,1,7,2.0,0.8888888888888888
31,0,0,1,2,4,1,57,3,3,7,2,1,1,19,3,1,8,9,6,2.5,1.0
41,0,0,1,10,2,0,40,1,2,7,0,1,0,13,3,0,2,11,9,2.25,1.0
31,1,2,1,1,3,1,54,3,1,8,0,1,1,11,3,0,2,2,2,2.75,1.0
44,1,1,2,3,3,0,89,3,1,2,1,4,0,12,3,0,2,1,2,2.25,0.3
42,0,0,2,2,1,0,37,3,4,3,1,0,1,13,3,0,8,2,10,3.0,0.9523809523809524
55,0,1,2,2,2,1,58,1,5,3,1,4,0,14,3,1,9,9,11,3.5,0.8260869565217391
56,0,1,0,8,4,0,99,3,5,3,0,6,0,14,3,0,3,7,7,2.5,0.1944444444444444
40,0,0,2,16,2,0,74,3,1,6,2,9,0,16,3,1,2,0,0,2.75,0.6666666666666666
34,0,1,2,9,3,0,86,3,3,0,2,0,0,11,3,1,7,1,6,3.5,0.9
40,0,1,2,2,3,0,98,3,2,6,0,1,0,13,3,0,8,8,8,3.25,1.0
41,0,2,1,1,3,1,66,3,2,7,2,0,0,17,3,1,3,1,7,2.75,0.9
35,0,2,2,4,4,0,87,3,2,6,0,1,1,11,3,0,6,1,1,2.75,1.0
51,0,1,0,5,3,0,84,3,4,3,2,1,1,11,3,1,9,0,10,2.5,1.0
38,0,1,1,2,2,1,31,3,2,7,2,3,0,15,3,1,7,1,7,2.5,0.6363636363636364
34,0,1,1,15,2,1,66,3,2,7,0,1,0,12,3,0,8,9,6,3.0,1.0
25,0,1,2,19,1,0,67,3,1,2,1,3,0,11,3,3,2,1,2,3.25,0.4285714285714285
58,1,1,2,7,4,1,53,2,3,4,1,7,1,14,3,0,9,5,9,2.5,0.3225806451612903
40,0,1,2,1,4,0,88,3,1,2,1,3,0,22,4,1,2,0,3,2.5,0.5714285714285714
36,0,2,1,7,3,1,83,4,2,7,1,2,0,16,3,1,7,6,13,2.0,0.8823529411764706
48,0,1,2,4,3,0,54,3,3,4,0,1,0,11,3,0,9,0,8,3.5,0.9090909090909092
27,0,1,1,11,3,1,98,4,1,8,1,8,0,14,3,1,0,0,0,3.0,0.2
51,0,1,2,11,2,1,82,2,4,4,0,3,0,16,3,0,2,0,3,2.5,0.1724137931034483
18,0,0,2,1,3,1,97,3,1,2,0,1,0,15,3,0,0,0,0,3.75,0.0
35,0,1,2,1,3,1,60,2,2,2,1,0,0,12,3,1,7,0,0,3.25,0.9
27,0,2,1,2,1,0,43,1,2,7,0,3,0,20,4,0,2,0,0,3.25,0.75
55,1,1,1,13,4,0,85,4,4,7,0,6,1,17,3,0,7,3,8,2.25,0.7916666666666666
56,0,1,2,23,3,0,68,3,4,4,1,4,1,12,3,1,16,15,9,2.5,0.5757575757575758
34,0,0,2,26,1,1,92,2,1,6,2,1,0,20,4,3,4,0,0,2.5,1.0
40,0,1,2,2,1,1,89,4,2,0,2,5,0,20,4,3,11,11,8,2.5,0.8
34,0,1,2,29,3,0,86,3,2,2,1,4,0,13,3,2,7,7,7,2.25,0.8
31,1,2,1,2,3,1,90,2,1,8,0,7,0,14,3,0,0,0,0,3.5,0.3333333333333333
35,1,2,1,18,4,1,67,3,2,7,1,0,1,18,3,1,2,3,2,3.0,0.8
38,0,2,2,7,3,0,57,4,1,6,2,1,0,11,3,3,2,0,3,3.5,1.0
34,0,1,2,2,4,1,98,3,2,0,0,1,0,11,3,0,11,4,11,3.75,1.0
28,0,1,1,26,3,0,48,2,2,7,1,1,0,11,3,1,3,0,4,2.5,1.0
31,1,1,2,22,4,0,98,3,2,4,1,1,1,15,3,2,2,6,7,3.25,1.0
39,0,1,1,21,4,0,44,2,2,7,1,3,1,12,3,2,4,1,4,3.25,0.625
51,0,2,1,2,3,0,52,3,3,7,1,2,0,11,3,0,2,3,2,2.25,0.2857142857142857
41,0,2,2,22,3,1,75,3,2,6,2,3,1,14,3,2,2,3,3,2.75,0.5
37,0,1,2,4,1,0,54,3,1,6,1,7,1,15,3,0,4,1,3,3.25,0.75
33,0,2,1,5,1,0,61,3,2,7,1,6,0,13,3,0,4,1,2,2.75,0.625
32,0,1,1,2,1,0,36,3,2,7,1,0,1,13,3,3,2,1,2,2.0,0.75
39,0,0,2,25,2,0,71,3,3,0,1,3,0,21,4,1,4,0,5,2.75,0.4615384615384615
25,0,1,1,18,1,0,93,4,2,7,1,2,0,11,3,0,2,1,2,2.0,0.5
52,0,2,2,28,2,1,59,4,4,4,1,2,1,11,3,1,3,0,2,2.75,0.2083333333333333
43,0,1,2,6,3,1,73,2,2,6,0,1,1,14,3,0,7,1,8,1.5,1.0
27,0,1,1,10,3,1,98,2,2,7,1,1,1,11,3,0,2,4,4,3.75,1.0
27,1,1,2,17,4,1,51,3,1,6,0,1,1,13,3,0,2,7,7,3.5,1.0
26,0,1,2,2,1,0,36,2,1,6,0,0,0,12,3,0,3,1,1,3.0,0.8
42,0,1,0,10,3,1,31,3,4,3,1,0,0,14,3,1,7,0,9,2.5,0.9523809523809524
52,0,1,2,8,4,1,54,3,1,2,1,9,0,13,3,0,4,0,4,2.0,0.4166666666666667
37,0,1,2,11,3,1,94,3,1,2,0,4,0,18,3,0,2,0,2,2.0,0.375
35,0,2,2,18,2,0,60,3,3,4,0,2,0,11,3,0,2,2,2,3.25,0.2
25,0,1,2,1,3,0,81,3,1,2,1,4,0,11,3,1,2,0,2,2.25,0.4285714285714285
26,0,1,2,7,3,0,100,4,1,2,0,0,0,12,3,0,7,0,7,2.75,0.875
29,0,1,0,17,3,0,51,2,3,1,0,1,0,13,3,0,9,0,9,1.5,1.0
49,1,2,2,28,2,0,97,2,2,2,0,3,0,20,4,0,3,1,3,1.5,0.2
29,1,2,2,14,1,1,84,3,3,0,0,0,1,12,3,0,7,7,7,2.75,0.8888888888888888
54,0,1,2,1,3,1,54,3,4,5,0,6,0,19,3,0,7,12,7,3.5,0.6896551724137931
58,0,1,2,1,3,1,76,3,5,5,1,3,1,21,4,1,8,1,5,2.75,0.28125
55,0,1,2,1,4,0,81,4,4,5,2,2,0,13,3,2,7,0,0,3.5,0.2258064516129032
36,0,1,1,3,4,1,99,3,2,7,0,3,1,16,3,0,4,0,1,2.5,0.3333333333333333
31,1,2,1,1,4,1,50,1,1,8,0,1,0,12,3,0,0,0,0,2.5,1.0
30,0,1,1,7,4,1,73,3,2,7,2,7,0,14,3,2,2,0,2,2.5,0.375
31,0,1,2,8,5,1,93,3,4,5,0,3,0,11,3,0,2,1,0,2.5,0.3333333333333333
34,0,2,2,1,4,0,91,3,1,6,2,5,0,14,3,2,3,1,3,2.75,0.4
31,1,1,2,8,3,1,34,2,1,6,0,1,0,12,3,0,0,0,0,2.5,1.0
27,0,1,2,11,1,0,91,3,1,2,1,0,0,14,3,0,0,1,4,2.25,0.8333333333333334
36,0,1,2,4,4,0,37,2,2,2,0,1,0,16,3,0,4,1,8,2.5,1.0
36,0,1,1,16,4,1,98,2,2,7,1,4,0,13,3,2,2,0,2,1.75,0.2727272727272727
47,0,1,2,1,3,0,74,3,1,6,1,7,0,12,3,1,5,1,2,2.5,0.3529411764705882
25,1,1,1,9,2,0,68,2,1,8,1,3,0,12,3,0,2,2,2,1.5,0.5
37,0,0,2,5,2,0,84,4,1,2,0,0,0,14,3,0,5,1,3,2.0,0.8571428571428571
56,0,1,2,1,2,1,90,3,1,6,1,2,0,22,4,1,2,1,0,2.5,0.6
47,0,1,2,2,4,1,82,3,4,5,1,3,0,19,3,2,17,5,6,2.5,0.7692307692307693
24,0,1,1,4,1,1,42,3,2,7,1,1,1,12,3,2,4,0,3,3.25,1.0
32,0,1,1,7,5,0,97,3,2,7,1,4,0,12,3,1,3,0,3,3.25,0.5714285714285714
34,0,1,2,1,3,1,86,2,1,2,1,5,0,17,3,1,4,0,2,2.25,0.7142857142857143
41,0,1,2,5,5,0,90,4,1,6,1,2,1,12,3,0,2,0,3,2.0,0.5714285714285714
40,0,0,2,9,4,0,81,3,2,2,2,3,0,11,3,2,7,0,7,3.25,0.7272727272727273
31,0,1,1,8,2,0,31,3,3,7,2,1,0,18,3,1,7,9,9,2.25,1.0
46,1,1,1,9,3,0,52,3,3,7,2,4,0,11,3,1,7,4,3,2.5,0.25
39,1,0,2,2,3,1,54,2,1,2,0,2,1,23,4,0,0,0,0,2.0,0.0909090909090909
31,1,2,2,1,5,1,100,4,3,4,0,1,0,11,3,0,8,4,7,2.25,1.0
45,0,1,2,20,3,0,95,1,3,0,2,2,1,18,3,1,7,0,7,2.0,0.2916666666666667
31,0,1,0,8,2,1,96,4,1,1,0,9,0,18,3,0,2,0,2,3.25,0.375
31,1,2,2,2,3,0,94,3,1,2,1,6,1,13,3,1,2,2,2,2.5,0.2857142857142857
45,0,1,2,29,3,0,55,3,3,4,1,4,1,18,3,2,1,1,2,3.5,0.3
48,0,1,1,7,3,0,96,3,2,7,2,4,0,11,3,3,2,2,2,2.0,0.1333333333333333
34,1,1,0,9,4,1,52,3,1,1,1,1,0,15,3,0,2,2,2,2.75,1.0
40,0,0,2,8,1,0,55,2,3,5,2,2,0,11,3,1,8,4,8,3.0,0.5625
28,0,1,1,5,3,0,84,3,2,7,0,0,0,18,3,0,4,1,3,3.0,0.8333333333333334
44,0,0,2,5,3,0,90,2,1,2,0,3,0,14,3,0,2,0,3,3.25,0.7142857142857143
53,0,1,2,2,3,0,39,4,4,5,0,4,0,12,3,0,8,8,8,2.5,0.2571428571428571
49,0,1,2,5,4,0,96,3,2,0,1,2,0,14,3,1,2,1,2,2.0,0.15
40,0,1,2,2,3,0,68,3,1,6,2,2,0,14,3,1,1,1,2,3.25,0.375
44,0,1,2,20,3,0,49,3,1,6,0,1,0,13,3,0,2,1,3,2.75,0.8333333333333334
33,0,2,1,7,3,0,54,3,2,7,1,0,0,14,3,2,3,0,3,2.25,0.8
34,0,1,1,3,3,0,81,1,2,7,0,3,0,18,3,0,9,3,12,3.0,0.8666666666666667
30,0,1,1,16,1,0,96,3,2,7,1,8,0,15,3,2,1,2,2,3.0,0.5
42,0,2,2,9,2,1,74,3,1,2,0,1,0,13,3,0,9,5,8,2.75,1.0
44,0,2,1,1,5,1,79,3,2,7,1,7,0,12,3,1,0,0,0,2.25,0.0909090909090909
30,0,0,2,7,3,0,64,3,1,6,2,1,0,13,3,2,0,0,0,2.5,1.0
57,0,1,2,1,2,0,93,4,2,6,1,0,0,24,4,1,9,2,8,2.0,0.9230769230769232
49,0,1,2,7,4,0,35,3,3,0,2,3,0,14,3,2,7,0,7,2.5,0.2758620689655172
34,0,2,2,15,3,0,71,3,4,5,2,7,0,14,3,2,8,6,9,2.25,0.875
28,1,2,1,1,3,0,92,3,1,8,1,3,0,15,3,1,2,1,2,3.0,0.6
29,1,2,1,13,3,1,51,3,2,7,0,5,0,11,3,0,3,0,0,1.25,0.7142857142857143
34,1,1,1,24,4,1,40,2,2,7,0,0,1,23,4,0,9,10,10,2.5,0.9375
35,0,1,1,7,1,0,76,3,1,8,1,1,0,13,3,1,0,0,0,2.75,1.0
24,1,2,2,9,3,0,89,3,1,2,0,2,1,11,3,0,0,0,0,2.0,0.0
24,0,0,1,13,2,1,78,3,1,8,1,1,0,13,3,1,0,0,0,3.0,1.0
44,0,2,2,2,1,0,86,3,3,4,0,5,1,18,3,0,2,2,2,2.25,0.125
29,0,1,1,19,3,0,77,2,2,7,2,1,0,14,3,2,7,0,4,3.0,1.0
30,0,1,0,1,3,0,46,3,1,1,2,0,0,21,4,1,3,1,3,2.75,0.8333333333333334
55,0,1,2,4,4,0,30,3,2,0,1,0,1,16,3,0,2,1,2,3.0,0.75
33,0,1,2,4,4,1,82,2,1,2,1,8,0,11,3,0,4,0,2,2.5,0.625
47,0,1,1,14,3,1,78,3,2,7,1,3,1,17,3,1,4,1,2,2.75,0.4545454545454545
28,1,2,2,2,2,0,38,2,1,2,0,7,0,11,3,0,0,0,0,2.25,0.0
28,0,1,2,1,3,0,72,2,1,6,2,1,0,14,3,1,0,0,0,2.25,1.0
28,0,2,1,7,3,0,55,3,2,7,0,0,0,14,3,0,2,1,3,2.75,0.8
49,0,1,2,3,2,1,43,2,2,2,1,4,0,25,4,1,2,1,2,2.0,0.3
29,0,2,2,2,1,1,97,3,1,2,1,0,0,13,3,3,2,0,2,3.0,0.75
28,0,1,2,29,1,0,96,1,2,4,1,1,0,14,3,2,6,1,7,2.25,1.0
33,0,1,2,8,5,0,69,3,2,0,0,2,1,17,3,0,0,0,0,2.75,0.0
32,0,1,2,10,3,0,64,3,3,3,0,2,0,25,4,0,2,0,0,3.25,0.5
54,0,2,2,11,4,1,87,3,4,3,2,3,0,20,4,1,9,1,12,2.5,0.5384615384615384
29,1,1,2,1,4,0,100,2,1,6,0,6,0,13,3,0,7,0,7,1.5,0.8181818181818182
44,0,1,2,28,3,0,32,3,4,5,1,3,0,13,3,1,6,14,17,3.0,0.8333333333333334
39,0,1,2,6,3,1,32,3,3,4,0,4,0,18,3,0,0,2,2,2.75,0.2222222222222222
46,0,1,1,3,3,1,51,3,4,3,1,8,0,12,3,1,12,5,1,3.25,0.5652173913043478
35,0,1,2,16,3,1,91,2,3,0,0,1,0,19,3,0,8,3,3,2.75,1.0
23,0,1,2,20,1,0,97,3,2,2,0,0,0,14,3,0,3,1,2,2.25,0.8
40,1,1,2,9,4,0,86,3,1,2,0,3,0,14,3,0,4,1,0,2.0,0.3333333333333333
34,0,1,1,1,3,0,64,2,3,7,1,1,1,14,3,0,9,8,6,3.5,1.0
31,1,2,2,3,3,1,33,3,1,6,0,1,0,12,3,0,2,7,7,2.25,1.0
50,0,2,2,22,5,0,88,1,4,5,0,1,1,13,3,0,6,13,9,3.5,1.0
34,0,1,1,7,2,0,55,3,1,8,1,0,1,25,4,1,10,5,7,2.5,0.9166666666666666
42,0,1,2,2,3,0,68,2,1,2,1,4,0,14,3,1,0,0,0,2.5,0.25
37,0,1,2,13,3,0,47,3,2,6,1,1,0,17,3,0,8,3,7,2.25,1.0
29,0,1,2,8,1,1,39,1,2,0,1,3,0,13,3,1,7,0,7,2.5,0.7777777777777778
33,0,1,2,25,3,0,44,2,2,4,0,1,0,13,3,0,3,0,2,3.25,1.0
45,0,1,2,28,3,0,97,3,1,6,1,4,0,20,4,1,4,0,3,3.75,0.625
42,0,2,2,2,3,0,40,3,3,0,1,2,1,14,3,1,8,13,9,3.0,0.8333333333333334
40,0,1,1,9,2,0,47,3,2,7,1,0,0,12,3,0,4,7,1,2.5,0.8888888888888888
33,0,1,2,28,4,0,79,3,2,2,1,1,1,12,3,1,14,5,7,2.5,1.0
40,0,1,0,6,2,0,38,3,4,3,0,1,1,21,4,0,7,7,7,3.5,1.0
24,0,1,2,21,2,0,57,2,1,2,2,0,0,14,3,3,1,0,0,2.25,0.5
40,0,0,2,8,2,0,72,3,2,0,2,3,1,18,3,0,2,2,2,3.5,0.25
45,0,1,2,1,4,0,66,3,3,0,2,1,0,12,3,3,8,7,7,1.75,1.0
35,0,1,1,28,4,1,98,2,1,8,1,0,0,23,4,2,3,4,2,2.25,0.8333333333333334
32,0,1,2,5,2,1,67,2,2,6,1,3,0,12,3,1,1,2,5,2.5,0.5833333333333334
36,0,1,1,2,4,0,70,3,1,8,0,3,1,21,4,0,2,1,2,3.25,0.4285714285714285
48,0,1,1,16,4,1,96,3,2,7,2,8,0,14,3,1,7,7,7,3.0,0.4444444444444444
29,0,1,2,9,3,0,91,4,1,6,1,6,0,18,3,2,0,0,0,2.25,0.2
33,0,1,1,8,4,0,46,3,2,7,1,2,0,13,3,1,2,2,2,1.75,0.25
30,1,1,1,1,3,0,64,2,2,7,1,1,0,11,3,1,8,6,7,2.5,1.0
38,0,2,0,10,4,0,71,3,2,1,1,3,0,11,3,0,3,1,2,3.0,0.6
35,0,1,2,1,3,0,68,2,1,2,0,1,0,19,3,0,0,1,2,2.5,1.0
30,0,1,1,29,4,0,33,3,3,7,1,3,0,12,3,1,2,1,3,2.5,0.4444444444444444
35,1,1,2,2,3,1,69,3,1,2,2,1,1,12,3,1,0,0,0,2.25,1.0
53,1,1,2,2,5,1,78,2,3,4,1,0,0,16,3,1,7,1,9,3.0,0.9705882352941176
38,1,1,2,2,3,0,81,3,2,4,1,4,0,11,3,2,2,1,4,2.25,0.7142857142857143
32,0,0,2,1,4,0,62,3,2,6,1,4,0,14,3,1,5,1,2,2.25,0.6666666666666666
48,0,1,2,15,4,1,65,3,1,6,1,8,0,12,3,1,2,7,6,2.5,0.8
34,0,1,2,7,4,0,35,3,1,6,0,1,0,13,3,0,0,0,0,2.25,1.0
55,0,1,1,26,5,0,60,2,5,3,1,1,0,21,4,1,6,2,13,3.25,1.0
34,0,1,2,1,4,0,45,3,2,6,1,9,0,17,3,1,2,2,1,2.5,0.2222222222222222
26,0,1,2,3,3,1,89,3,1,6,1,1,0,21,4,0,0,0,0,2.25,1.0
38,0,1,1,14,3,0,80,3,2,7,1,0,0,11,3,1,8,7,7,3.0,0.9
38,0,1,1,16,3,1,90,3,2,7,0,2,0,12,3,0,2,1,2,2.5,0.375
36,0,1,1,1,4,1,73,3,2,7,0,6,0,13,3,0,0,0,0,2.25,0.0666666666666666
29,0,1,2,3,1,0,87,3,1,2,0,1,1,18,3,0,9,1,5,2.5,1.0
35,0,1,2,10,4,1,51,3,2,0,0,3,1,16,3,0,2,0,4,2.5,0.5
39,0,1,1,6,3,0,38,4,3,7,1,2,0,11,3,1,6,7,6,2.75,0.6363636363636364
29,0,2,2,2,1,0,87,3,2,0,2,1,0,19,3,1,4,1,3,3.25,1.0
50,0,1,1,9,3,0,59,3,5,3,1,4,1,16,3,1,0,0,0,3.0,0.037037037037037
23,0,1,2,10,3,0,45,4,1,6,1,2,0,16,3,1,2,2,2,3.5,0.5
36,0,2,2,6,4,0,80,4,2,2,1,3,1,13,3,1,2,0,2,2.25,0.3333333333333333
42,0,1,2,9,2,0,93,2,5,3,0,8,0,22,4,0,0,0,1,3.75,0.0416666666666666
35,0,1,2,28,3,0,46,4,2,2,1,1,0,17,3,2,9,6,8,2.75,1.0
34,0,2,2,10,4,0,92,2,2,0,1,1,0,14,3,1,2,7,7,2.75,1.0
40,0,1,1,14,2,1,84,3,2,7,1,1,0,15,3,1,4,1,2,2.75,1.0
43,0,1,2,27,3,0,87,4,1,2,2,5,0,12,3,1,4,0,2,3.0,0.75
35,0,1,2,7,2,0,63,2,1,2,1,1,0,18,3,1,0,0,1,3.25,1.0
46,0,1,1,1,4,0,56,4,4,3,0,1,0,15,3,0,0,0,12,2.0,0.9629629629629628
28,1,1,2,24,3,0,51,3,1,2,1,1,1,17,3,3,1,0,0,2.75,1.0
22,0,0,2,26,2,1,85,2,1,6,1,1,1,14,3,0,2,1,3,2.25,1.0
50,0,2,2,20,5,0,41,3,4,0,1,2,1,15,3,1,8,12,13,2.75,0.9375
32,0,1,2,5,4,1,35,4,1,6,1,3,0,17,3,2,2,0,2,3.25,0.5
44,0,1,2,7,3,1,31,3,5,5,2,0,1,14,3,1,7,1,10,3.0,0.9565217391304348
30,0,1,2,7,3,0,48,2,1,6,1,1,0,12,3,1,4,1,1,2.0,1.0
45,0,1,2,5,5,1,50,1,2,2,0,1,1,14,3,0,7,1,4,2.0,1.0
45,0,0,1,26,3,0,52,2,2,7,1,1,0,15,3,1,7,4,5,1.5,1.0
31,0,2,1,2,4,0,54,3,2,7,0,7,0,13,3,0,2,0,3,3.0,0.5
36,0,1,2,12,4,1,76,3,2,4,1,9,1,12,3,2,2,1,1,2.75,0.4285714285714285
34,0,2,2,10,4,0,42,4,2,4,2,1,0,13,3,1,7,7,2,2.75,1.0
49,0,1,2,25,4,1,84,3,1,2,1,1,0,14,3,1,6,1,4,2.5,0.9
39,0,1,2,10,5,0,76,3,2,4,1,2,0,13,3,3,7,7,7,2.5,0.7
27,0,1,2,19,3,0,67,2,1,2,2,1,0,11,3,2,7,0,7,2.25,1.0
35,0,1,2,18,5,0,48,4,2,6,1,1,0,11,3,0,15,1,10,2.5,1.0
28,0,1,2,27,3,1,39,1,2,4,2,0,0,21,4,1,3,0,0,1.75,0.8333333333333334
21,0,1,2,5,1,0,97,3,1,6,0,1,0,18,3,0,2,2,2,3.25,0.6666666666666666
18,1,2,1,3,2,1,70,3,1,8,0,1,1,12,3,0,0,0,0,3.25,0.0
47,0,1,0,26,4,1,98,3,5,3,1,3,0,11,3,1,2,1,0,3.25,0.1851851851851851
39,0,1,2,3,2,0,76,2,2,2,2,0,0,15,3,1,8,0,7,3.25,0.9090909090909092
40,0,1,2,15,3,1,80,2,3,4,1,1,0,13,3,2,15,14,12,2.75,1.0
35,0,0,2,8,4,1,52,3,2,0,1,1,0,12,3,1,11,2,9,3.25,0.9333333333333332
37,0,1,2,19,3,0,85,3,2,4,1,3,0,17,3,3,3,0,2,2.25,0.4444444444444444
39,0,2,2,4,3,1,81,3,2,4,0,0,0,13,3,0,2,3,8,2.25,0.9
45,0,1,2,2,2,1,59,2,2,4,2,1,0,19,3,2,7,3,9,3.0,1.0
38,0,1,2,2,2,1,54,2,3,4,1,3,1,19,3,1,4,0,2,3.75,0.5
35,1,1,1,10,3,0,55,2,3,7,1,9,0,17,3,0,12,6,0,2.75,0.8666666666666667
37,0,1,2,10,3,1,71,3,1,6,1,1,0,11,3,1,4,7,7,1.5,1.0
40,0,1,2,16,3,1,84,3,3,4,0,6,1,15,3,0,2,3,3,3.25,0.2222222222222222
44,0,2,0,1,5,0,37,3,2,1,1,4,1,11,3,0,7,0,2,2.75,0.7142857142857143
48,0,2,2,4,5,0,89,2,4,3,1,2,0,25,4,1,2,2,2,3.0,0.0869565217391304
35,1,1,1,15,2,0,59,1,2,7,2,6,1,14,3,2,2,2,2,2.75,0.2857142857142857
24,0,2,2,2,1,1,32,3,1,6,0,1,1,13,3,0,3,1,3,2.75,1.0
27,0,1,2,8,3,1,86,4,1,6,1,7,0,17,3,0,2,0,2,2.25,0.6
27,0,2,2,2,3,0,87,3,1,6,0,2,0,13,3,0,2,1,2,3.25,0.6666666666666666
40,1,1,2,7,3,0,73,3,1,2,0,3,1,14,3,0,2,0,3,1.25,0.4
29,0,1,1,10,3,0,42,2,2,7,0,9,0,11,3,0,2,1,4,3.0,0.625
36,0,1,2,5,4,1,42,3,3,0,1,4,0,12,3,2,2,0,2,2.25,0.3333333333333333
25,0,2,2,2,1,0,77,4,2,4,2,1,0,17,3,2,7,0,7,3.25,1.0
39,0,1,2,12,3,0,66,3,2,4,1,4,0,21,4,0,4,1,0,3.0,0.7142857142857143
49,0,1,2,22,4,1,72,3,4,5,1,3,0,16,3,2,2,1,2,2.0,0.1481481481481481
50,0,1,2,17,5,1,50,2,3,5,2,5,0,15,3,3,11,1,11,2.75,0.7368421052631579
20,0,1,1,2,3,1,31,3,1,8,0,1,0,19,3,0,2,2,2,2.5,1.0
34,0,1,2,3,3,1,66,3,2,6,2,1,0,12,3,1,8,7,9,3.0,1.0
36,0,1,2,7,3,0,77,3,1,2,0,2,0,11,3,0,3,1,3,2.25,0.2666666666666666
49,0,1,2,6,1,1,41,2,4,0,1,2,1,19,3,1,11,2,12,2.75,0.5
36,0,0,2,1,4,1,33,2,2,4,1,0,0,15,3,0,2,1,2,3.25,0.75
36,0,1,2,3,2,0,79,4,2,0,2,6,0,20,4,1,4,0,4,2.25,0.3846153846153846
54,0,1,2,22,5,1,91,3,4,3,1,3,0,25,4,1,8,4,7,2.75,0.2777777777777778
43,0,1,2,15,2,0,65,2,4,5,1,1,0,24,4,1,10,6,11,2.5,1.0
35,1,2,1,12,4,0,36,3,2,7,0,3,1,24,4,0,9,6,7,3.25,0.8461538461538461
38,0,2,2,1,3,0,90,3,2,6,1,7,0,15,3,2,11,2,9,4.0,0.6842105263157895
29,0,1,1,5,3,0,43,2,2,7,2,1,1,13,3,1,0,0,9,1.75,1.0
33,0,1,1,2,4,0,93,3,2,7,2,1,0,14,3,2,2,0,4,3.5,1.0
32,0,1,2,2,3,0,45,3,2,6,2,0,0,13,3,2,5,1,6,2.75,0.9
31,0,1,1,5,4,1,67,3,2,7,1,1,0,11,3,2,0,0,2,2.25,1.0
49,0,1,2,16,3,1,74,3,1,2,2,4,1,16,3,1,2,2,2,2.25,0.1176470588235294
38,0,2,2,2,3,1,42,2,1,2,0,1,0,22,4,0,3,3,3,2.75,1.0
47,0,1,1,2,4,1,47,4,4,3,2,6,0,14,3,3,2,1,2,2.5,0.1034482758620689
49,0,1,2,1,3,0,36,3,4,3,0,4,0,14,3,0,7,0,0,2.5,0.3478260869565217
41,0,1,1,23,2,0,80,3,3,7,0,3,1,16,3,0,0,0,2,3.5,0.0952380952380952
20,0,1,1,9,1,0,54,3,1,8,0,1,0,11,3,0,2,0,2,2.25,1.0
33,0,0,1,16,3,1,36,3,2,7,2,1,1,25,4,1,5,1,2,3.25,0.8571428571428571
36,0,1,2,26,4,0,80,3,2,0,1,6,0,14,3,2,2,0,2,2.0,0.3
44,0,1,0,1,3,1,44,3,1,1,2,4,1,18,3,3,2,2,2,2.75,0.25
23,1,1,2,8,1,0,93,2,1,2,0,1,1,11,3,0,4,1,2,2.75,1.0
38,0,1,2,4,2,1,87,3,1,2,1,7,0,19,3,1,0,0,0,3.25,0.0
53,0,1,2,24,4,0,48,4,3,0,1,3,0,15,3,0,3,1,2,3.0,0.3636363636363636
48,1,2,1,7,2,1,95,3,1,8,1,2,1,11,3,2,7,7,7,3.25,0.4736842105263157
32,1,1,2,2,4,0,95,3,1,2,0,1,0,12,3,0,0,0,0,2.5,1.0
26,0,0,2,7,3,0,76,3,1,2,0,1,0,20,4,0,7,5,7,3.5,1.0
55,0,1,2,22,3,0,94,2,1,6,2,5,0,12,3,1,2,1,2,2.5,0.5
34,0,1,2,5,2,0,57,2,2,2,1,1,0,14,3,1,10,4,13,3.25,1.0
60,0,1,2,1,4,0,92,1,3,0,2,3,0,20,4,1,0,0,0,3.5,0.0526315789473684
33,0,1,2,21,3,0,79,4,1,2,1,1,0,18,3,3,11,2,13,2.75,1.0
37,0,2,1,1,4,0,31,1,2,7,2,1,0,14,3,2,3,1,3,3.0,1.0
34,0,1,2,19,3,1,35,2,1,6,1,1,0,12,3,0,9,8,7,2.75,1.0
23,1,1,1,7,3,0,99,3,1,8,2,1,1,21,4,1,2,0,2,3.0,1.0
44,0,1,2,2,3,1,96,4,3,0,1,1,1,19,3,1,7,6,7,3.0,0.8888888888888888
35,0,2,2,2,4,0,79,2,1,6,0,0,1,14,3,0,4,1,4,3.0,0.8333333333333334
43,0,1,1,2,3,0,73,3,2,7,1,1,1,17,3,1,9,8,8,3.0,1.0
24,0,1,2,9,3,0,62,4,1,6,1,1,0,16,3,1,3,0,4,3.25,1.0
41,0,1,1,6,3,0,35,3,3,7,0,1,0,12,3,0,8,8,7,3.0,1.0
29,0,1,2,9,4,1,43,3,1,2,1,9,0,17,3,1,3,1,2,3.25,0.5555555555555556
36,0,1,1,2,4,1,51,3,2,8,0,3,0,15,3,0,7,6,7,3.0,0.7647058823529411
45,0,0,2,1,1,0,74,2,3,0,1,3,0,23,4,1,15,14,4,3.0,0.92
24,1,1,0,22,1,0,58,1,1,1,1,1,0,11,3,1,0,0,0,3.25,1.0
47,1,2,1,9,3,0,82,1,4,7,1,7,0,11,3,0,5,14,10,2.5,0.92
26,0,1,2,17,4,0,62,1,1,2,1,1,0,15,3,3,2,0,2,3.5,1.0
45,0,1,2,28,2,1,48,2,4,5,0,1,0,11,3,0,6,8,6,3.0,1.0
32,0,2,2,10,3,0,56,3,1,6,1,6,0,13,3,1,2,1,3,1.75,0.5
31,0,1,2,2,4,0,69,3,1,2,1,1,0,14,3,1,2,0,3,3.25,0.8333333333333334
41,0,0,0,4,3,0,60,1,2,1,1,6,0,19,3,1,2,1,2,2.5,0.3
40,0,1,2,8,2,1,92,3,2,4,1,2,1,16,3,1,0,0,0,2.0,0.0555555555555555
24,0,1,2,29,1,0,91,3,1,2,2,1,0,13,3,3,2,1,2,2.25,1.0
46,0,1,2,13,4,0,34,3,2,0,0,6,0,14,3,0,7,0,9,3.0,0.5263157894736842
35,0,1,2,27,4,0,49,3,2,4,1,2,0,16,3,1,7,0,7,3.0,0.4117647058823529
30,0,1,2,16,1,0,33,3,1,6,1,1,0,12,3,1,0,0,8,2.5,1.0
47,0,0,1,2,4,0,87,3,2,7,1,7,0,11,3,1,0,0,0,2.5,0.25
46,0,1,1,2,3,0,74,3,3,7,2,4,1,12,3,1,6,0,3,2.75,0.7692307692307693
36,1,1,1,13,5,0,96,2,2,7,2,5,1,13,3,3,2,2,2,2.0,0.125
32,1,1,1,1,2,0,34,1,2,7,0,6,0,15,3,0,0,0,0,2.0,0.0
23,0,1,2,4,1,1,51,3,1,2,0,1,0,13,3,0,2,1,2,2.25,1.0
31,0,2,2,24,1,1,30,3,2,4,0,2,0,20,4,0,4,1,4,3.5,0.5555555555555556
39,0,0,2,1,3,0,77,3,2,2,1,1,1,15,3,1,8,5,8,3.75,1.0
32,0,1,1,19,3,0,80,1,3,7,1,3,0,13,3,1,3,0,2,2.75,0.4
40,0,1,1,7,4,0,88,3,5,3,0,1,0,14,3,0,8,12,8,2.0,1.0
45,0,1,0,4,3,1,56,1,3,1,1,4,0,21,4,2,0,0,3,3.25,0.5555555555555556
30,0,2,2,2,4,1,78,2,1,6,0,0,0,16,3,0,7,0,7,3.0,0.9
24,0,2,0,10,3,0,59,3,1,1,1,0,0,14,3,1,2,2,1,3.0,0.6666666666666666
30,1,2,0,8,3,1,66,2,1,1,2,6,0,11,3,1,2,1,2,3.0,0.6666666666666666
31,0,1,1,5,3,0,51,3,2,7,1,1,0,19,3,1,2,0,2,2.5,0.8333333333333334
27,0,1,2,8,3,1,67,3,1,6,0,1,0,11,3,0,2,1,4,3.0,1.0
29,1,1,1,9,3,1,52,1,1,8,0,1,0,13,3,0,2,2,2,2.5,1.0
29,0,2,2,1,3,0,70,4,2,0,0,8,1,12,3,0,2,0,2,3.75,0.3
30,0,1,1,15,2,0,94,2,3,7,2,2,0,11,3,1,7,1,7,2.0,0.5833333333333334
34,0,1,2,2,4,0,97,4,1,6,1,0,1,14,3,3,0,1,2,3.0,0.8333333333333334
33,0,0,1,2,3,1,62,3,2,7,0,8,0,15,3,0,7,1,7,3.0,0.8461538461538461
49,0,1,1,11,4,1,80,3,2,7,0,3,0,12,3,0,1,0,4,3.75,0.625
33,1,1,1,16,3,1,74,3,3,7,0,2,1,20,4,0,0,0,0,1.75,0.0
38,0,2,2,2,2,1,75,2,1,2,1,4,0,14,3,1,1,0,5,2.25,0.6666666666666666
31,1,1,1,16,4,0,70,3,3,7,1,2,0,13,3,3,0,0,0,2.0,0.1
29,0,1,2,4,3,1,91,2,1,6,2,1,0,13,3,1,0,0,0,2.75,1.0
30,0,1,2,16,3,0,58,4,2,0,1,3,0,16,3,1,0,1,7,3.0,0.7
32,0,0,2,5,4,0,65,3,1,6,0,2,0,14,3,0,7,0,7,2.25,0.5833333333333334
38,0,1,2,18,3,0,60,1,2,0,1,3,1,16,3,1,0,1,0,3.0,0.0666666666666666
43,1,2,2,17,3,0,38,2,1,6,1,9,1,16,3,1,0,0,0,3.25,0.1666666666666666
42,0,1,2,12,3,0,57,3,1,2,2,8,0,22,4,3,3,0,4,2.0,0.7142857142857143
55,0,1,2,2,3,0,60,2,5,5,1,8,0,12,3,3,0,0,0,2.25,0.0294117647058823
33,0,0,2,4,3,0,90,3,2,6,2,5,0,15,3,2,8,1,7,3.0,0.8181818181818182
41,0,1,2,9,4,0,94,3,1,2,2,1,0,20,4,2,3,0,4,2.25,1.0
34,0,0,1,10,3,0,87,3,2,7,2,1,1,14,3,1,14,0,7,3.25,1.0
53,0,0,2,1,4,1,60,2,4,4,1,4,1,20,4,3,2,0,2,2.5,0.1111111111111111
43,0,1,0,2,3,0,97,3,1,1,0,0,0,13,3,0,7,1,8,2.75,0.9
34,0,1,1,3,2,1,32,1,2,7,0,5,0,12,3,0,2,2,2,3.0,0.3333333333333333
21,1,1,1,7,1,0,31,3,1,8,0,1,0,13,3,0,0,1,0,2.25,1.0
38,0,1,2,6,2,1,40,2,1,2,1,1,0,11,3,1,4,0,4,3.0,1.0
22,1,1,2,8,1,1,79,3,1,2,1,1,1,17,3,0,0,0,0,2.5,1.0
31,0,1,1,29,4,1,91,2,2,7,1,1,0,14,3,2,7,5,7,2.25,0.9230769230769232
51,0,1,2,3,3,1,53,3,3,3,1,2,0,11,3,0,2,2,2,2.75,0.1333333333333333
37,0,1,1,9,2,0,46,2,2,7,1,1,0,14,3,2,2,0,3,2.0,1.0
46,0,1,2,2,4,0,46,3,5,5,2,7,1,17,3,1,1,2,2,3.25,0.0833333333333333
36,0,1,2,10,3,0,90,3,3,0,1,7,1,13,3,1,8,5,7,3.0,0.8
44,1,2,2,1,2,0,99,3,1,6,2,1,1,12,3,3,3,2,3,2.5,0.8333333333333334
37,0,1,0,8,2,0,89,3,2,1,2,2,0,13,3,0,0,4,7,2.5,0.5263157894736842
35,1,1,1,27,3,0,84,3,2,7,0,1,1,18,3,0,7,7,7,3.5,1.0
33,0,1,2,8,4,0,90,4,1,6,1,6,0,19,3,1,8,7,6,2.5,0.7142857142857143
28,0,1,2,1,3,0,82,3,1,6,1,1,0,11,3,1,3,0,3,3.5,1.0
39,0,1,2,10,1,0,65,3,3,5,0,7,0,21,4,0,3,2,2,3.0,0.4444444444444444
46,0,0,1,26,2,0,98,2,2,7,0,8,0,15,3,0,2,2,2,2.5,0.3333333333333333
40,0,1,2,2,2,1,99,3,1,2,1,4,0,17,3,1,3,0,2,2.5,0.5714285714285714
42,0,1,2,13,3,0,95,4,2,0,1,5,0,18,3,2,0,0,0,2.0,0.0
35,0,0,2,2,2,0,90,3,2,4,2,2,0,14,3,1,7,1,7,3.0,0.4666666666666667
38,0,0,0,2,3,0,100,3,1,1,2,5,0,13,3,3,10,3,8,2.5,0.8461538461538461
34,1,2,2,9,4,0,93,3,2,2,1,4,0,17,3,1,1,0,7,2.5,0.6363636363636364
37,1,1,2,10,4,0,58,3,2,4,0,1,0,15,3,0,3,0,8,2.0,1.0
39,0,2,1,20,3,0,83,3,2,7,2,2,0,18,3,1,1,2,2,3.5,0.2857142857142857
43,0,0,2,9,3,0,52,3,1,6,0,4,0,13,3,0,2,1,2,2.25,0.4285714285714285
41,0,1,2,5,3,0,85,4,2,0,0,3,0,12,3,0,2,1,2,1.5,0.2727272727272727
41,0,1,1,4,1,1,81,3,3,7,2,0,1,13,3,1,14,13,5,3.5,0.9565217391304348
30,0,1,2,10,3,1,64,3,3,4,0,9,0,14,3,0,7,0,2,2.25,0.7777777777777778
26,1,1,0,20,2,1,69,3,1,1,1,0,1,11,3,0,1,1,4,3.0,0.8333333333333334
46,1,1,2,21,2,1,66,3,2,0,1,4,0,22,4,1,7,3,7,3.5,0.6923076923076923
40,0,1,2,1,3,1,52,3,2,0,2,4,0,17,3,1,3,0,3,3.5,0.4166666666666667
34,0,1,1,8,2,0,92,4,2,7,1,1,0,21,4,2,8,4,8,2.75,1.0
58,0,0,1,2,3,0,52,3,4,3,2,4,0,22,4,1,9,14,14,2.5,0.4324324324324324
35,0,1,2,23,4,0,91,1,1,2,1,0,0,16,3,1,4,0,3,2.75,0.8333333333333334
47,0,1,2,4,3,1,92,2,3,4,2,8,1,12,3,1,11,14,10,2.75,0.7857142857142857
40,0,1,2,12,3,1,47,3,2,0,2,2,0,12,3,1,4,7,7,2.0,0.4666666666666667
54,0,1,2,7,4,1,68,3,2,6,1,4,0,15,3,1,1,1,7,3.0,0.5
31,0,2,1,7,4,1,68,3,3,7,1,2,0,14,3,2,2,2,2,2.25,0.3333333333333333
28,0,1,2,1,3,1,67,3,1,6,1,1,0,25,4,1,2,1,2,2.5,1.0
38,0,1,1,2,4,1,77,1,2,8,1,2,1,20,4,2,2,0,3,2.25,0.2
26,0,1,1,10,3,0,46,3,2,7,0,1,0,13,3,0,3,1,2,2.75,1.0
58,0,2,2,15,4,0,87,3,4,5,1,2,1,14,3,0,2,2,2,2.25,0.0869565217391304
18,0,0,2,14,3,1,33,3,1,6,0,1,0,16,3,0,0,0,0,2.25,0.0
31,1,1,0,18,5,0,89,4,1,1,1,0,0,17,3,0,0,0,0,2.75,0.5
29,1,1,0,13,3,0,56,2,1,1,2,4,1,15,3,3,2,2,0,2.25,0.5
45,0,0,1,2,4,1,67,3,2,7,1,4,0,22,4,2,7,5,7,3.0,0.8
36,0,1,2,2,4,1,73,3,2,6,1,4,1,22,4,1,0,0,0,3.25,0.0666666666666666
43,0,2,1,2,4,0,92,3,2,7,1,1,0,20,4,1,7,7,7,2.75,1.0
27,0,2,2,5,2,1,53,3,1,2,0,0,1,14,3,0,4,0,2,3.25,0.8333333333333334
29,0,2,2,20,1,0,40,3,1,2,1,1,0,13,3,0,8,3,10,3.5,1.0
32,0,2,1,10,4,0,79,3,2,7,0,8,0,13,3,0,0,0,0,3.75,0.0
42,0,0,2,10,4,0,38,3,1,6,1,3,0,22,4,2,3,3,3,2.5,0.6
47,0,1,2,9,4,1,64,3,1,2,0,4,0,12,3,0,2,2,0,2.75,0.2857142857142857
46,0,1,2,2,2,0,82,3,3,4,2,3,0,14,3,1,8,4,7,3.25,0.75
28,0,0,0,1,2,0,43,3,1,1,2,1,0,15,3,1,2,2,2,3.0,1.0
29,0,1,2,29,1,0,93,1,2,0,2,8,0,17,3,2,0,1,6,3.5,0.6363636363636364
42,0,1,2,8,3,0,81,3,1,2,0,4,0,13,3,0,0,0,0,3.5,0.0
32,1,1,1,2,4,0,82,2,2,7,0,7,1,12,3,0,2,2,2,2.5,0.2857142857142857
46,0,1,1,3,3,1,45,4,4,7,2,2,0,12,3,1,17,2,8,2.25,0.76
27,0,1,1,23,1,1,36,2,2,8,1,1,0,21,4,1,8,5,8,3.0,1.0
29,0,1,0,6,1,0,87,2,1,1,1,1,0,11,3,0,0,0,0,3.25,1.0
43,0,1,2,6,3,1,81,2,5,3,1,7,0,13,3,0,12,6,14,2.75,0.7619047619047619
48,0,1,2,10,3,0,91,2,5,5,1,4,0,12,3,0,10,12,9,3.25,0.7586206896551724
29,1,2,2,24,2,0,73,2,1,6,0,1,1,24,4,0,0,1,0,3.0,1.0
46,1,1,1,10,3,1,64,3,3,7,1,5,0,21,4,3,7,0,7,2.75,0.5714285714285714
27,0,2,2,15,3,1,77,2,1,6,1,0,0,19,3,1,6,7,3,2.75,0.875
39,0,1,2,19,4,0,41,3,2,6,2,8,0,14,3,3,2,2,2,3.25,0.2857142857142857
55,0,1,2,2,4,0,98,2,1,6,1,8,0,20,4,1,2,0,4,3.0,0.2631578947368421
28,0,1,1,3,3,1,78,3,1,8,1,1,0,19,3,1,0,0,0,2.75,1.0
30,1,1,1,9,3,0,89,3,1,8,0,1,0,13,3,0,0,0,0,2.75,1.0
22,1,1,2,7,1,0,75,3,1,6,0,1,1,23,4,0,0,0,0,2.5,1.0
36,0,1,1,10,4,1,63,2,2,7,1,1,1,13,3,1,9,1,7,2.25,1.0
31,0,1,2,20,3,0,89,3,2,2,2,1,0,11,3,1,8,0,2,2.25,1.0
34,0,1,1,4,3,0,64,3,3,7,1,2,1,13,3,3,3,1,0,3.5,0.5555555555555556
29,0,1,2,7,3,0,59,3,1,2,0,3,0,14,3,0,2,1,2,2.5,0.2727272727272727
37,0,1,2,7,4,0,78,3,2,6,1,5,1,22,4,1,3,0,4,2.75,0.3125
35,0,1,2,16,2,1,44,2,2,4,1,0,1,11,3,0,2,0,2,3.25,0.75
45,0,1,2,25,2,1,93,2,2,4,1,0,0,13,3,2,8,3,8,3.0,0.9
36,0,2,0,2,1,0,94,2,2,1,0,1,0,21,4,0,1,0,8,3.0,1.0
40,0,1,2,1,4,0,98,3,4,3,2,2,0,11,3,1,7,11,16,1.5,0.8636363636363636
26,0,1,2,1,2,1,90,2,1,6,1,1,1,13,3,1,0,1,0,2.5,1.0
27,0,1,1,2,2,1,89,4,2,7,0,0,0,14,3,0,7,0,7,2.0,0.8888888888888888
48,0,2,2,22,3,1,58,3,4,3,2,3,0,11,3,1,17,4,7,3.25,0.9166666666666666
44,0,1,2,1,4,0,78,4,2,0,1,2,0,15,3,1,0,2,2,2.5,0.2
34,1,0,2,16,4,0,85,1,1,6,1,1,1,23,4,1,2,3,0,2.5,1.0
56,1,1,2,24,2,0,97,3,1,2,0,1,0,16,3,0,2,1,0,3.0,0.8
36,0,1,1,17,2,0,33,2,2,7,1,2,0,16,3,2,2,1,3,2.25,0.3333333333333333
41,0,1,1,8,3,1,54,3,2,7,1,5,0,21,4,1,4,1,4,2.75,0.3571428571428571
42,0,1,2,6,3,0,83,3,3,5,1,9,0,13,3,1,7,5,7,2.5,0.7222222222222222
31,0,1,1,10,2,1,86,3,2,7,2,2,1,11,3,1,2,1,4,3.5,0.625
34,0,1,1,3,1,1,75,2,2,7,1,3,1,12,3,0,2,0,1,3.25,0.4444444444444444
31,0,1,2,4,3,1,62,4,1,2,2,8,0,12,3,1,2,2,2,2.0,0.5
26,0,2,2,6,3,0,61,4,1,2,1,0,0,18,3,1,7,7,7,2.75,0.875
45,0,2,2,1,4,0,44,3,2,0,0,4,0,12,3,0,2,0,3,2.75,0.3333333333333333
33,0,1,1,10,4,0,43,3,2,7,0,1,0,14,3,0,4,0,9,2.25,1.0
28,0,2,1,1,2,0,42,2,2,7,1,1,1,12,3,1,7,0,7,3.25,1.0
29,1,2,1,24,3,0,45,4,1,8,0,1,0,17,3,0,0,0,0,2.75,1.0
39,0,0,1,21,4,1,32,1,2,7,1,6,0,19,3,1,2,1,2,2.5,0.3
27,0,1,2,2,4,0,41,3,1,6,1,1,0,11,3,1,3,1,2,2.25,0.8333333333333334
34,0,2,2,22,4,0,86,2,2,6,1,1,1,15,3,0,10,6,11,3.0,0.9375
28,1,1,1,13,2,1,84,3,2,7,0,3,1,11,3,0,0,2,2,3.5,0.3333333333333333
47,0,0,2,14,4,0,64,3,2,6,1,8,0,18,3,1,7,1,7,3.0,0.5
56,0,1,1,11,5,1,89,2,2,7,1,4,0,16,3,1,0,0,0,2.75,0.0
39,0,1,2,9,2,0,87,3,2,4,1,1,0,25,4,1,0,7,9,2.25,1.0
38,0,2,2,8,3,1,58,2,2,6,2,1,1,16,3,1,11,0,7,3.0,1.0
58,0,1,1,21,3,1,72,3,4,3,1,4,1,13,3,1,0,0,0,3.25,0.0344827586206896
32,1,2,2,5,2,1,47,4,1,6,0,3,1,14,3,0,1,0,3,2.0,0.5
38,0,1,2,9,2,0,71,3,1,6,2,2,0,19,3,2,2,0,3,3.5,0.5
49,0,2,2,2,1,0,42,3,5,5,1,3,0,15,3,0,4,4,3,3.25,0.1785714285714285
42,0,1,1,12,4,0,77,3,2,7,2,3,1,12,3,2,0,0,0,3.0,0.0
27,1,2,0,22,3,1,58,2,1,1,1,1,0,12,3,0,0,0,0,1.75,1.0
35,0,1,1,18,4,0,71,3,2,7,1,0,0,16,3,1,3,0,4,2.0,0.8333333333333334
28,0,0,2,16,3,0,49,3,1,6,0,1,0,14,3,0,3,1,4,2.75,1.0
31,0,0,2,3,2,0,48,3,1,6,2,1,1,13,3,1,2,2,3,3.0,1.0
36,0,0,2,9,4,0,66,4,1,2,1,1,0,22,4,0,4,0,2,2.0,1.0
34,0,1,1,1,3,0,32,3,3,7,0,1,0,21,4,0,8,2,1,2.0,1.0
34,0,1,1,13,4,0,39,3,3,7,2,1,0,18,3,1,7,1,1,3.0,0.8888888888888888
26,0,1,2,1,3,0,95,3,1,2,0,0,0,13,3,0,7,7,6,2.5,0.875
29,0,1,2,1,3,0,89,3,2,0,1,0,0,12,3,1,3,0,2,1.25,0.8333333333333334
32,0,0,2,15,4,1,34,3,2,0,2,5,0,18,3,1,1,1,2,3.0,0.5555555555555556
31,0,2,2,1,3,0,48,1,2,6,1,1,0,21,4,0,8,8,7,2.5,1.0
28,1,1,2,17,3,0,32,2,1,2,2,5,0,12,3,1,1,0,3,2.5,0.6666666666666666
38,0,1,1,1,3,0,59,2,1,8,0,4,0,14,3,0,0,0,0,1.25,0.05
35,0,1,1,7,4,1,55,3,2,7,1,1,1,11,3,0,8,0,9,3.5,1.0
27,0,1,1,9,3,0,44,3,2,7,0,1,0,14,3,0,7,0,7,3.0,1.0
32,0,1,2,5,4,0,56,2,2,4,0,8,0,24,4,0,0,0,0,3.25,0.125
31,1,2,1,26,4,0,63,3,2,7,1,1,1,11,3,0,7,0,8,2.75,1.0
53,1,1,1,24,4,0,66,3,3,7,0,6,1,13,3,0,2,2,2,1.5,0.1333333333333333
54,0,1,2,9,2,1,67,3,2,6,1,3,0,11,3,2,3,2,3,2.25,0.4444444444444444
33,0,2,2,7,2,0,36,3,2,0,2,1,0,20,4,3,7,2,8,3.25,1.0
43,0,1,2,11,3,0,30,3,3,0,1,1,0,17,3,1,9,0,9,2.25,1.0
38,0,2,0,1,4,0,88,3,1,1,1,0,1,11,3,1,2,1,2,2.75,0.8571428571428571
55,0,1,0,26,4,0,71,4,5,3,1,4,1,18,3,1,9,1,4,2.25,0.2857142857142857
31,0,1,2,2,1,1,59,1,1,2,2,1,1,11,3,3,0,0,0,3.5,1.0
39,0,1,1,15,4,0,77,3,4,7,0,0,0,12,3,0,8,11,10,1.75,0.9523809523809524
42,0,0,2,23,2,0,37,2,2,6,0,1,0,12,3,0,9,3,7,3.5,1.0
31,0,0,2,10,3,1,40,3,3,5,1,4,0,20,4,1,7,4,8,3.25,0.8461538461538461
54,0,1,2,10,3,1,77,3,2,4,0,6,1,19,3,0,2,1,4,2.75,0.5555555555555556
24,0,1,2,1,2,0,45,2,2,0,0,1,0,12,3,0,3,1,2,2.25,1.0
23,0,1,2,12,2,0,78,3,1,2,0,1,0,13,3,0,2,1,4,3.75,1.0
40,0,2,2,11,3,1,73,3,2,2,1,1,0,11,3,1,9,9,4,3.0,1.0
40,0,1,1,2,2,1,92,3,2,7,1,3,0,14,3,1,8,5,10,2.5,0.7333333333333333
25,0,1,0,2,3,1,82,3,1,1,1,4,0,14,3,0,0,1,2,2.75,0.3333333333333333
30,0,1,2,1,2,0,76,3,1,2,1,1,0,13,3,0,8,1,7,2.75,1.0
25,0,1,2,2,1,0,57,3,1,2,2,6,1,19,3,1,2,0,2,3.0,0.2857142857142857
47,0,1,2,25,3,0,84,3,3,0,0,2,0,23,4,0,14,12,11,2.25,0.68
33,0,0,2,1,2,0,59,2,1,2,2,1,0,12,3,3,1,0,0,2.5,1.0
38,0,1,1,1,4,0,86,3,2,7,1,0,0,15,3,2,13,5,8,2.5,0.9375
31,0,1,1,2,2,0,54,3,1,8,1,0,0,19,3,1,2,1,2,2.5,0.6666666666666666
38,0,2,2,6,4,0,72,2,2,4,1,2,0,11,3,1,3,7,7,2.75,0.8
42,0,1,2,18,4,0,35,3,2,6,2,6,1,17,3,1,3,1,2,2.5,0.4444444444444444
41,0,1,2,1,3,0,76,3,1,6,1,3,0,22,4,1,3,1,0,3.0,0.4166666666666667
47,0,0,2,1,1,1,98,3,3,5,1,0,0,18,3,2,8,5,12,1.75,0.9285714285714286
35,0,1,2,11,4,0,43,3,1,2,1,7,1,11,3,1,2,2,2,3.25,0.4
22,0,1,2,1,2,0,63,3,1,6,0,0,0,12,3,0,2,1,2,3.75,0.75
35,0,1,2,9,4,0,48,3,2,6,0,1,0,19,3,0,7,0,8,2.5,1.0
33,0,1,2,15,2,1,95,3,2,0,1,0,1,13,3,1,7,8,1,2.5,0.9
32,0,1,2,29,4,1,49,2,1,2,0,1,0,13,3,0,2,4,1,2.75,1.0
40,0,1,2,1,4,0,83,3,1,2,1,8,0,19,3,2,0,0,0,2.5,0.125
32,0,1,1,1,4,0,68,2,1,8,1,0,0,14,3,1,2,2,2,2.25,0.6666666666666666
39,0,1,2,24,1,0,52,3,2,6,0,7,0,13,3,0,7,1,7,2.25,0.3888888888888889
38,0,1,2,10,3,1,99,1,3,5,1,3,0,12,3,1,16,1,11,2.25,0.9
32,0,1,1,1,4,1,48,3,3,7,1,1,0,19,3,2,10,5,7,3.25,1.0
37,0,1,2,10,3,1,42,4,3,5,1,1,1,25,4,1,11,6,8,2.75,1.0
25,0,1,1,8,2,1,85,3,2,7,2,0,1,22,4,1,3,0,4,2.0,0.8333333333333334
52,0,0,1,29,4,0,40,3,1,8,2,2,0,15,3,2,8,0,0,2.25,0.5625
44,0,1,2,1,3,0,42,3,1,6,0,6,1,12,3,0,3,1,2,3.0,0.6666666666666666
21,0,1,1,5,1,0,58,3,1,8,0,1,1,11,3,0,2,1,2,2.75,1.0
39,0,0,2,9,3,0,87,3,5,3,0,2,0,13,3,0,0,1,3,3.25,0.2857142857142857
23,1,2,1,9,3,0,33,3,1,8,1,1,0,19,3,1,0,1,0,2.0,1.0
36,0,1,1,3,3,1,94,2,3,7,1,0,0,19,3,2,7,3,4,2.75,0.9
36,0,2,2,4,2,1,97,3,2,4,2,7,0,13,3,3,2,0,2,2.75,0.2222222222222222
56,0,0,2,1,4,0,57,3,2,0,2,1,0,21,4,1,12,1,9,2.25,1.0
29,1,1,2,1,4,0,36,3,1,6,1,9,1,14,3,3,2,2,2,2.75,0.5
42,0,1,2,2,3,0,56,3,5,3,1,5,0,11,3,0,6,4,14,1.75,0.9166666666666666
56,1,1,2,7,2,0,72,3,1,2,1,8,0,11,3,1,9,9,8,3.0,0.7142857142857143
41,0,1,2,28,4,1,60,2,4,4,1,0,0,23,4,1,7,0,10,2.25,0.9523809523809524
34,0,1,1,28,3,1,95,2,2,7,1,1,0,21,4,2,7,1,7,3.5,1.0
36,0,0,1,15,4,0,88,1,2,7,2,1,0,24,4,1,12,11,11,2.75,1.0
41,0,1,1,3,3,0,57,2,2,7,2,2,0,11,3,1,4,0,4,2.75,0.3571428571428571
32,0,1,2,2,3,0,78,3,1,6,0,1,0,14,3,0,2,1,2,3.0,1.0
35,0,1,0,26,4,1,31,3,3,1,0,1,1,16,3,0,0,1,7,3.25,1.0
38,0,1,1,10,2,1,100,3,2,7,1,1,0,11,3,1,7,1,9,2.75,1.0
50,1,2,1,1,4,0,94,3,2,7,2,7,0,12,3,2,3,0,1,3.0,0.5
36,0,1,1,11,4,1,100,2,2,7,1,4,0,13,3,1,3,0,0,2.25,0.75
45,0,1,1,20,3,1,50,3,2,7,0,8,0,15,3,0,3,0,1,3.25,0.625
40,0,1,2,2,4,0,52,2,1,6,0,2,0,14,3,0,2,2,2,3.25,0.25
35,0,2,2,18,4,0,80,3,2,0,1,1,1,14,3,2,2,0,2,3.5,1.0
40,0,1,2,2,4,1,98,3,1,6,1,2,0,14,3,3,3,0,2,2.75,0.25
35,0,1,2,1,4,1,62,1,1,6,1,1,0,12,3,1,3,1,1,3.5,1.0
29,0,1,2,13,2,0,46,2,2,2,1,4,1,13,3,1,3,0,3,2.5,0.4
29,0,1,2,28,4,1,73,2,1,6,0,1,0,14,3,0,4,0,4,2.0,1.0
50,1,1,1,28,3,0,39,2,3,7,2,4,1,13,3,1,2,2,0,2.5,0.15
39,0,1,1,24,1,1,60,2,4,7,1,0,0,11,3,1,9,9,6,2.25,0.9523809523809524
31,0,0,2,5,3,0,74,3,2,4,0,0,0,19,3,0,4,1,7,2.0,0.9
26,0,1,1,5,3,1,30,2,1,8,0,0,0,18,3,0,2,0,0,3.5,0.8
36,0,2,2,23,2,0,41,4,2,2,1,4,0,17,3,1,2,0,3,3.25,0.2941176470588235
39,0,1,2,6,1,0,42,2,3,0,1,4,0,15,3,1,7,1,7,2.25,0.7777777777777778
27,0,1,2,4,3,0,87,4,2,4,1,1,1,20,4,1,2,0,3,2.25,1.0
49,0,2,1,2,3,0,63,2,2,7,1,2,0,14,3,0,6,0,8,3.0,0.5294117647058824
34,0,1,2,8,3,0,82,4,2,2,1,2,0,12,3,0,3,1,2,2.5,0.6666666666666666
